Peptide	Context	BestAllele	%Rank_best	Core_best	CoreP1_best	SubSpec_best	%Rank_DRB1_01_01	CoreP1_DRB1_01_01	SubSpec_DRB1_01_01	%Rank_DRB1_03_01	CoreP1_DRB1_03_01	SubSpec_DRB1_03_01	%Rank_DRB1_07_01	CoreP1_DRB1_07_01	SubSpec_DRB1_07_01
RLKLDALTLK		NA	NA	NA	NA	NA	NA	NA	NA	NA	NA	NA	NA	NA	NA
YALAAVALAW		NA	NA	NA	NA	NA	NA	NA	NA	NA	NA	NA	NA	NA	NA
SGASTSGETW		NA	NA	NA	NA	NA	NA	NA	NA	NA	NA	NA	NA	NA	NA
HLIGSSITQK		NA	NA	NA	NA	NA	NA	NA	NA	NA	NA	NA	NA	NA	NA
VIAEMEKESW		NA	NA	NA	NA	NA	NA	NA	NA	NA	NA	NA	NA	NA	NA
QTKDTNDNNLYK		DRB1_03_01	38.2	DTNDNNLYK	4	1	92.9	2	1	38.2	4	1	74.3	2	1
LGLETRTETW		NA	NA	NA	NA	NA	NA	NA	NA	NA	NA	NA	NA	NA	NA
CRLKLDALTL		NA	NA	NA	NA	NA	NA	NA	NA	NA	NA	NA	NA	NA	NA
SRGAWKQLQK		NA	NA	NA	NA	NA	NA	NA	NA	NA	NA	NA	NA	NA	NA
ALPPHVGLGL		NA	NA	NA	NA	NA	NA	NA	NA	NA	NA	NA	NA	NA	NA
KIFAGHLKCRLK		DRB1_03_01	83.2	FAGHLKCRL	3	1	88.6	4	1	83.2	3	1	97.2	3	1
AIDNPAELRK		NA	NA	NA	NA	NA	NA	NA	NA	NA	NA	NA	NA	NA	NA
ERWVLRNPGY		NA	NA	NA	NA	NA	NA	NA	NA	NA	NA	NA	NA	NA	NA
KTAIDNPAELRK		DRB1_03_01	61.4	TAIDNPAEL	2	1	89.7	2	1	61.4	2	1	93.3	2	1
GSQEIEFIDY		NA	NA	NA	NA	NA	NA	NA	NA	NA	NA	NA	NA	NA	NA
HLVEFEPAHA		NA	NA	NA	NA	NA	NA	NA	NA	NA	NA	NA	NA	NA	NA
QRVIIIVLLL		NA	NA	NA	NA	NA	NA	NA	NA	NA	NA	NA	NA	NA	NA
WQSGASTSGETW		DRB1_01_01	43	WQSGASTSG	1	1	43	1	1	99.1	3	1	75.2	1	1
GAWKQLQKVETW		DRB1_01_01	69.6	WKQLQKVET	3	1	69.6	3	1	86.4	3	1	95	3	1
MLGSSTTQRV		NA	NA	NA	NA	NA	NA	NA	NA	NA	NA	NA	NA	NA	NA
LLLLVAPAYA		NA	NA	NA	NA	NA	NA	NA	NA	NA	NA	NA	NA	NA	NA
GLFGKGSIIA		NA	NA	NA	NA	NA	NA	NA	NA	NA	NA	NA	NA	NA	NA
KIFAGHLKCR		NA	NA	NA	NA	NA	NA	NA	NA	NA	NA	NA	NA	NA	NA
AMEIQTKDTNDNNLY		DRB1_03_01	25.8	QTKDTNDNN	5	1	61.8	4	1	25.8	5	1	38.8	6	1
IIAQLHTGAK		NA	NA	NA	NA	NA	NA	NA	NA	NA	NA	NA	NA	NA	NA
VGLGLETRTETW		DRB1_03_01	64.2	LGLETRTET	3	1	92.5	3	1	64.2	3	1	77.3	4	1
FIEGLHGATW		NA	NA	NA	NA	NA	NA	NA	NA	NA	NA	NA	NA	NA	NA
KRTFSDRGHGNGCGL		DRB1_01_01	68.2	SDRGHGNGC	5	1	68.2	5	1	73.1	3	1	94	5	1
FIAHLIGSSI		NA	NA	NA	NA	NA	NA	NA	NA	NA	NA	NA	NA	NA	NA
ETWMSSRGAW		NA	NA	NA	NA	NA	NA	NA	NA	NA	NA	NA	NA	NA	NA
FEVDQEKIKY		NA	NA	NA	NA	NA	NA	NA	NA	NA	NA	NA	NA	NA	NA
RTFSDRGHGNGCGLF		DRB1_01_01	56.2	SDRGHGNGC	4	1	56.2	4	1	77.3	2	1	84.2	4	1
ALGNQEGALHTA		DRB1_01_01	79.8	GNQEGALHT	3	1	79.8	3	1	90.1	3	1	95.9	3	1
ALAAVALAWM		NA	NA	NA	NA	NA	NA	NA	NA	NA	NA	NA	NA	NA	NA
SWIVDKQWAL		NA	NA	NA	NA	NA	NA	NA	NA	NA	NA	NA	NA	NA	NA
TRTETWMSSR		NA	NA	NA	NA	NA	NA	NA	NA	NA	NA	NA	NA	NA	NA
TKDTNDNNLY		NA	NA	NA	NA	NA	NA	NA	NA	NA	NA	NA	NA	NA	NA
KESWIVDKQW		NA	NA	NA	NA	NA	NA	NA	NA	NA	NA	NA	NA	NA	NA
ETWLSTSNGK		NA	NA	NA	NA	NA	NA	NA	NA	NA	NA	NA	NA	NA	NA
VIIFILLLLV		NA	NA	NA	NA	NA	NA	NA	NA	NA	NA	NA	NA	NA	NA
GSIIACAKFK		NA	NA	NA	NA	NA	NA	NA	NA	NA	NA	NA	NA	NA	NA
IQTKDTNDNNLY		DRB1_07_01	73.6	TKDTNDNNL	3	1	95.4	3	1	77.3	2	1	73.6	3	1
DIEHGTIAKF		NA	NA	NA	NA	NA	NA	NA	NA	NA	NA	NA	NA	NA	NA
TWLSTSNGKEHL		DRB1_07_01	43.7	WLSTSNGKE	2	1	82.2	3	1	73.5	4	1	43.7	2	1
EFIDYGAATL		NA	NA	NA	NA	NA	NA	NA	NA	NA	NA	NA	NA	NA	NA
HLVEFEPAHAAK		DRB1_01_01	7.06	VEFEPAHAA	3	1	7.06	3	1	72.9	3	1	73.6	3	1
KISHTKIDDK		NA	NA	NA	NA	NA	NA	NA	NA	NA	NA	NA	NA	NA	NA
LTGAMEIQTK		NA	NA	NA	NA	NA	NA	NA	NA	NA	NA	NA	NA	NA	NA
GLFGKGSIIACA		DRB1_07_01	86.3	LFGKGSIIA	2	1	92.5	3	1	88.4	2	1	86.3	2	1
VIIIVLLLLV		NA	NA	NA	NA	NA	NA	NA	NA	NA	NA	NA	NA	NA	NA
SSITQKVIIF		NA	NA	NA	NA	NA	NA	NA	NA	NA	NA	NA	NA	NA	NA
RTETWMSSRGAW		DRB1_01_01	76.2	ETWMSSRGA	3	1	76.2	3	1	88.2	4	1	93.3	3	1
HLAEENDGDFAC		DRB1_03_01	80.2	LAEENDGDF	2	1	95.1	3	1	80.2	2	1	92.8	2	1
NQEGALHTAL		NA	NA	NA	NA	NA	NA	NA	NA	NA	NA	NA	NA	NA	NA
QWALDLPLPW		NA	NA	NA	NA	NA	NA	NA	NA	NA	NA	NA	NA	NA	NA
IFAGHLKCRL		NA	NA	NA	NA	NA	NA	NA	NA	NA	NA	NA	NA	NA	NA
ETWALRNPGF		NA	NA	NA	NA	NA	NA	NA	NA	NA	NA	NA	NA	NA	NA
RGHGNGCGLFGK		DRB1_01_01	86.7	RGHGNGCGL	1	1	86.7	1	1	92.1	4	1	96.6	2	1
KVIIFILLLL		NA	NA	NA	NA	NA	NA	NA	NA	NA	NA	NA	NA	NA	NA
RDFIEGLHGATW		DRB1_01_01	32.3	IEGLHGATW	4	1	32.3	4	1	94.5	3	1	75	4	1
FSDRGHGNGCGL		DRB1_03_01	89.9	FSDRGHGNG	1	1	90.5	2	1	89.9	1	1	99.2	3	1
CIEAKISHTK		NA	NA	NA	NA	NA	NA	NA	NA	NA	NA	NA	NA	NA	NA
ALDFGEMVIA		NA	NA	NA	NA	NA	NA	NA	NA	NA	NA	NA	NA	NA	NA
EGFEVDQEKIKY		DRB1_03_01	15.1	FEVDQEKIK	3	1	95.2	3	1	15.1	3	1	84	2	1
HGNGCGLFGK		NA	NA	NA	NA	NA	NA	NA	NA	NA	NA	NA	NA	NA	NA
ERWVLRNPGYAL		DRB1_01_01	24.4	VLRNPGYAL	4	1	24.4	4	1	56.5	4	1	57.7	4	1
LIGSSITQKV		NA	NA	NA	NA	NA	NA	NA	NA	NA	NA	NA	NA	NA	NA
DRGHGNGCGL		NA	NA	NA	NA	NA	NA	NA	NA	NA	NA	NA	NA	NA	NA
TLDCQPQTAL		NA	NA	NA	NA	NA	NA	NA	NA	NA	NA	NA	NA	NA	NA
NPAELRKLCI		NA	NA	NA	NA	NA	NA	NA	NA	NA	NA	NA	NA	NA	NA
LRNPGYALAA		NA	NA	NA	NA	NA	NA	NA	NA	NA	NA	NA	NA	NA	NA
AKFDALAGSQEI		DRB1_01_01	16.6	FDALAGSQE	3	1	16.6	3	1	76.4	1	1	56.8	4	1
ALPPHVGLGL		NA	NA	NA	NA	NA	NA	NA	NA	NA	NA	NA	NA	NA	NA
LRNPGFTVIALF		DRB1_07_01	80.5	PGFTVIALF	4	1	94.4	2	1	88.8	1	1	80.5	4	1
NPAELRKLCI		NA	NA	NA	NA	NA	NA	NA	NA	NA	NA	NA	NA	NA	NA
LRKLCIEAKI		NA	NA	NA	NA	NA	NA	NA	NA	NA	NA	NA	NA	NA	NA
FILLLLVTPA		NA	NA	NA	NA	NA	NA	NA	NA	NA	NA	NA	NA	NA	NA
RVIIIVLLLL		NA	NA	NA	NA	NA	NA	NA	NA	NA	NA	NA	NA	NA	NA
KLCIEAKISHTK		DRB1_03_01	46.4	LCIEAKISH	2	1	81.8	4	1	46.4	2	1	76.1	4	1
WMLGSSTTQR		NA	NA	NA	NA	NA	NA	NA	NA	NA	NA	NA	NA	NA	NA
TVIALFIAHL		NA	NA	NA	NA	NA	NA	NA	NA	NA	NA	NA	NA	NA	NA
LAEENDGDFACK		DRB1_07_01	86.2	LAEENDGDF	1	1	92.5	2	1	86.8	3	1	86.2	1	1
RTFSDRGHGNGCGLF		DRB1_01_01	56.2	SDRGHGNGC	4	1	56.2	4	1	77.3	2	1	84.2	4	1
NLYKIFAGHL		NA	NA	NA	NA	NA	NA	NA	NA	NA	NA	NA	NA	NA	NA
AIDNPAELRK		NA	NA	NA	NA	NA	NA	NA	NA	NA	NA	NA	NA	NA	NA
FSDRGHGNGC		NA	NA	NA	NA	NA	NA	NA	NA	NA	NA	NA	NA	NA	NA
WQSGASTSGETW		DRB1_01_01	43	WQSGASTSG	1	1	43	1	1	99.1	3	1	75.2	1	1
EMVIAEMEKESW		DRB1_01_01	73.4	VIAEMEKES	3	1	73.4	3	1	74.4	3	1	86.5	2	1
LRNPGFTVIA		NA	NA	NA	NA	NA	NA	NA	NA	NA	NA	NA	NA	NA	NA
QLQKVETWAL		NA	NA	NA	NA	NA	NA	NA	NA	NA	NA	NA	NA	NA	NA
KEHLTRVERW		NA	NA	NA	NA	NA	NA	NA	NA	NA	NA	NA	NA	NA	NA
TWMSSRGAWK		NA	NA	NA	NA	NA	NA	NA	NA	NA	NA	NA	NA	NA	NA
DTNDNNLYKI		NA	NA	NA	NA	NA	NA	NA	NA	NA	NA	NA	NA	NA	NA
WVDATLEHDK		NA	NA	NA	NA	NA	NA	NA	NA	NA	NA	NA	NA	NA	NA
CRLKLDALTL		NA	NA	NA	NA	NA	NA	NA	NA	NA	NA	NA	NA	NA	NA
EPAHAAKIEV		NA	NA	NA	NA	NA	NA	NA	NA	NA	NA	NA	NA	NA	NA
TWMSSRGAWKQL		DRB1_01_01	82.6	WMSSRGAWK	2	1	82.6	2	1	92.7	2	1	84.1	2	1
CPSQGEAHLA		NA	NA	NA	NA	NA	NA	NA	NA	NA	NA	NA	NA	NA	NA
KTAIDNPAEL		NA	NA	NA	NA	NA	NA	NA	NA	NA	NA	NA	NA	NA	NA
SIIACAKFKCAK		DRB1_03_01	46.7	IIACAKFKC	2	1	87	3	1	46.7	2	1	94.4	3	1
ATLDCQPQTA		NA	NA	NA	NA	NA	NA	NA	NA	NA	NA	NA	NA	NA	NA
SITQKVIIFI		NA	NA	NA	NA	NA	NA	NA	NA	NA	NA	NA	NA	NA	NA
MSSRGAWKQL		NA	NA	NA	NA	NA	NA	NA	NA	NA	NA	NA	NA	NA	NA
SLDIELEKTA		NA	NA	NA	NA	NA	NA	NA	NA	NA	NA	NA	NA	NA	NA
ATWVDATLEHDK		DRB1_03_01	74.2	TWVDATLEH	2	1	97	3	1	74.2	2	1	77	4	1
IACAKFKCAK		NA	NA	NA	NA	NA	NA	NA	NA	NA	NA	NA	NA	NA	NA
QWALDLPLPW		NA	NA	NA	NA	NA	NA	NA	NA	NA	NA	NA	NA	NA	NA
KKLEGFEVDQEK		DRB1_03_01	77.2	LEGFEVDQE	3	1	96.8	3	1	77.2	3	1	92.2	3	1
VEFEPAHAAK		NA	NA	NA	NA	NA	NA	NA	NA	NA	NA	NA	NA	NA	NA
HAAKIEVLAL		NA	NA	NA	NA	NA	NA	NA	NA	NA	NA	NA	NA	NA	NA
ACAKFKCAKK		NA	NA	NA	NA	NA	NA	NA	NA	NA	NA	NA	NA	NA	NA
DRGHGNGCGL		NA	NA	NA	NA	NA	NA	NA	NA	NA	NA	NA	NA	NA	NA
FIEGLHGATW		NA	NA	NA	NA	NA	NA	NA	NA	NA	NA	NA	NA	NA	NA
KRTFSDRGHGNGCGL		DRB1_01_01	68.2	SDRGHGNGC	5	1	68.2	5	1	73.1	3	1	94	5	1
ALRNPGFTVI		NA	NA	NA	NA	NA	NA	NA	NA	NA	NA	NA	NA	NA	NA
AHAAKIEVLA		NA	NA	NA	NA	NA	NA	NA	NA	NA	NA	NA	NA	NA	NA
MAKDKPSLDI		NA	NA	NA	NA	NA	NA	NA	NA	NA	NA	NA	NA	NA	NA
ALAWMLGSST		NA	NA	NA	NA	NA	NA	NA	NA	NA	NA	NA	NA	NA	NA
RTETWMSSRGAW		DRB1_01_01	76.2	ETWMSSRGA	3	1	76.2	3	1	88.2	4	1	93.3	3	1
ELRKLCIEAK		NA	NA	NA	NA	NA	NA	NA	NA	NA	NA	NA	NA	NA	NA
TRVERWVLRN		NA	NA	NA	NA	NA	NA	NA	NA	NA	NA	NA	NA	NA	NA
RTFSDRGHGNGCGLF		DRB1_01_01	56.2	SDRGHGNGC	4	1	56.2	4	1	77.3	2	1	84.2	4	1
MEKESWIVDKQW		DRB1_07_01	82.5	ESWIVDKQW	4	1	88.5	1	1	95.7	2	1	82.5	4	1
LEHDKCVTTM		NA	NA	NA	NA	NA	NA	NA	NA	NA	NA	NA	NA	NA	NA
WALRNPGFTV		NA	NA	NA	NA	NA	NA	NA	NA	NA	NA	NA	NA	NA	NA
TTMAKDKPSL		NA	NA	NA	NA	NA	NA	NA	NA	NA	NA	NA	NA	NA	NA
FEVDQEKIKY		NA	NA	NA	NA	NA	NA	NA	NA	NA	NA	NA	NA	NA	NA
ALPPHVGLGL		NA	NA	NA	NA	NA	NA	NA	NA	NA	NA	NA	NA	NA	NA
VLALGNQEGA		NA	NA	NA	NA	NA	NA	NA	NA	NA	NA	NA	NA	NA	NA
FEVDQEKIKY		NA	NA	NA	NA	NA	NA	NA	NA	NA	NA	NA	NA	NA	NA
ALAGSQEIEF		NA	NA	NA	NA	NA	NA	NA	NA	NA	NA	NA	NA	NA	NA
NPGFTVIALF		NA	NA	NA	NA	NA	NA	NA	NA	NA	NA	NA	NA	NA	NA
STSGETWNEM		NA	NA	NA	NA	NA	NA	NA	NA	NA	NA	NA	NA	NA	NA
FSDRGHGNGCGLFGK		DRB1_01_01	68.1	RGHGNGCGL	4	1	68.1	4	1	96.4	5	1	95.3	5	1
LEHDKCVTTM		NA	NA	NA	NA	NA	NA	NA	NA	NA	NA	NA	NA	NA	NA
SIIAQLHTGA		NA	NA	NA	NA	NA	NA	NA	NA	NA	NA	NA	NA	NA	NA
ALPPHVGLGL		NA	NA	NA	NA	NA	NA	NA	NA	NA	NA	NA	NA	NA	NA
VIALFIAHLI		NA	NA	NA	NA	NA	NA	NA	NA	NA	NA	NA	NA	NA	NA
RTFSDRGHGNGCGLF		DRB1_01_01	56.2	SDRGHGNGC	4	1	56.2	4	1	77.3	2	1	84.2	4	1
HAAKIEVLAL		NA	NA	NA	NA	NA	NA	NA	NA	NA	NA	NA	NA	NA	NA
GNEDIEHGTIAK		DRB1_01_01	73.9	EDIEHGTIA	3	1	73.9	3	1	97	3	1	91.9	3	1
EFIDYGAATL		NA	NA	NA	NA	NA	NA	NA	NA	NA	NA	NA	NA	NA	NA
GLHGATWVDA		NA	NA	NA	NA	NA	NA	NA	NA	NA	NA	NA	NA	NA	NA
EGFEVDQEKIKY		DRB1_03_01	15.1	FEVDQEKIK	3	1	95.2	3	1	15.1	3	1	84	2	1
AEMEKESWIV		NA	NA	NA	NA	NA	NA	NA	NA	NA	NA	NA	NA	NA	NA
TAIDNPAELR		NA	NA	NA	NA	NA	NA	NA	NA	NA	NA	NA	NA	NA	NA
SQGEAHLAEENDGDF		DRB1_01_01	76.8	AHLAEENDG	5	1	76.8	5	1	84.7	7	1	85.1	5	1
AHLAEENDGDFA		DRB1_03_01	79.9	LAEENDGDF	3	1	94.4	3	1	79.9	3	1	95.3	3	1
KRTFSDRGHGNG		DRB1_03_01	95.5	TFSDRGHGN	3	1	97.2	3	1	95.5	3	1	97.3	3	1
WQSGASTSGETW		DRB1_01_01	43	WQSGASTSG	1	1	43	1	1	99.1	3	1	75.2	1	1
RGHGNGCGLF		NA	NA	NA	NA	NA	NA	NA	NA	NA	NA	NA	NA	NA	NA
WQSGASTSGETW		DRB1_01_01	43	WQSGASTSG	1	1	43	1	1	99.1	3	1	75.2	1	1
ALPPHVGLGL		NA	NA	NA	NA	NA	NA	NA	NA	NA	NA	NA	NA	NA	NA
TLDCQPQTAL		NA	NA	NA	NA	NA	NA	NA	NA	NA	NA	NA	NA	NA	NA
LAEENDGDFACK		DRB1_07_01	86.2	LAEENDGDF	1	1	92.5	2	1	86.8	3	1	86.2	1	1
QRVIIIVLLL		NA	NA	NA	NA	NA	NA	NA	NA	NA	NA	NA	NA	NA	NA
LPWQSGASTS		NA	NA	NA	NA	NA	NA	NA	NA	NA	NA	NA	NA	NA	NA
DIEHGTIAKF		NA	NA	NA	NA	NA	NA	NA	NA	NA	NA	NA	NA	NA	NA
AKFKCAKKLEGF		DRB1_03_01	71.1	FKCAKKLEG	3	1	79.7	3	1	71.1	3	1	95	3	1
SGASTSGETW		NA	NA	NA	NA	NA	NA	NA	NA	NA	NA	NA	NA	NA	NA
KESWIVDKQW		NA	NA	NA	NA	NA	NA	NA	NA	NA	NA	NA	NA	NA	NA
FAGHLKCRLK		NA	NA	NA	NA	NA	NA	NA	NA	NA	NA	NA	NA	NA	NA
EENDGDFACK		NA	NA	NA	NA	NA	NA	NA	NA	NA	NA	NA	NA	NA	NA
RTFSDRGHGNGC		DRB1_01_01	80.1	SDRGHGNGC	4	1	80.1	4	1	84.6	1	1	94.7	2	1
SRGAWKQLQK		NA	NA	NA	NA	NA	NA	NA	NA	NA	NA	NA	NA	NA	NA
KEHLTRVERW		NA	NA	NA	NA	NA	NA	NA	NA	NA	NA	NA	NA	NA	NA
TNDNNLYKIF		NA	NA	NA	NA	NA	NA	NA	NA	NA	NA	NA	NA	NA	NA
ETWMSSRGAW		NA	NA	NA	NA	NA	NA	NA	NA	NA	NA	NA	NA	NA	NA
GKGSIIACAK		NA	NA	NA	NA	NA	NA	NA	NA	NA	NA	NA	NA	NA	NA
KLEGFEVDQEKI		DRB1_07_01	74.3	GFEVDQEKI	4	1	94.2	2	1	78.1	2	1	74.3	4	1
TALDFGEMVI		NA	NA	NA	NA	NA	NA	NA	NA	NA	NA	NA	NA	NA	NA
ALFIAHLIGS		NA	NA	NA	NA	NA	NA	NA	NA	NA	NA	NA	NA	NA	NA
AKHENGNEDIEH		DRB1_01_01	79.1	AKHENGNED	1	1	79.1	1	1	87.4	1	1	86.3	1	1
QTKDTNDNNLYK		DRB1_03_01	38.2	DTNDNNLYK	4	1	92.9	2	1	38.2	4	1	74.3	2	1
RGHGNGCGLFGK		DRB1_01_01	86.7	RGHGNGCGL	1	1	86.7	1	1	92.1	4	1	96.6	2	1
STSGETWNEM		NA	NA	NA	NA	NA	NA	NA	NA	NA	NA	NA	NA	NA	NA
WVDATLEHDK		NA	NA	NA	NA	NA	NA	NA	NA	NA	NA	NA	NA	NA	NA
LYKIFAGHLK		NA	NA	NA	NA	NA	NA	NA	NA	NA	NA	NA	NA	NA	NA
TLDCQPQTAL		NA	NA	NA	NA	NA	NA	NA	NA	NA	NA	NA	NA	NA	NA
LRNPGYALAA		NA	NA	NA	NA	NA	NA	NA	NA	NA	NA	NA	NA	NA	NA
TKDTNDNNLY		NA	NA	NA	NA	NA	NA	NA	NA	NA	NA	NA	NA	NA	NA
IVDKQWALDL		NA	NA	NA	NA	NA	NA	NA	NA	NA	NA	NA	NA	NA	NA
WVLRNPGYAL		NA	NA	NA	NA	NA	NA	NA	NA	NA	NA	NA	NA	NA	NA
VLRNPGYALA		NA	NA	NA	NA	NA	NA	NA	NA	NA	NA	NA	NA	NA	NA
IDDKCPSQGEAH		DRB1_01_01	88	IDDKCPSQG	1	1	88	1	1	91	4	1	95.2	2	1
EAHLAEENDGDFACK		DRB1_03_01	27	LAEENDGDF	4	1	61.9	4	1	27	4	1	64.2	4	1
LAAVALAWML		NA	NA	NA	NA	NA	NA	NA	NA	NA	NA	NA	NA	NA	NA
TLDCQPQTALDF		DRB1_01_01	82.5	LDCQPQTAL	2	1	82.5	2	1	88.6	2	1	85.5	4	1
EHDKCVTTMA		NA	NA	NA	NA	NA	NA	NA	NA	NA	NA	NA	NA	NA	NA
IIIVLLLLVA		NA	NA	NA	NA	NA	NA	NA	NA	NA	NA	NA	NA	NA	NA
LPLPWQSGAS		NA	NA	NA	NA	NA	NA	NA	NA	NA	NA	NA	NA	NA	NA
RTFSDRGHGNGCGLF		DRB1_01_01	56.2	SDRGHGNGC	4	1	56.2	4	1	77.3	2	1	84.2	4	1
AKFDALAGSQEI		DRB1_01_01	16.6	FDALAGSQE	3	1	16.6	3	1	76.4	1	1	56.8	4	1
TAIDNPAELR		NA	NA	NA	NA	NA	NA	NA	NA	NA	NA	NA	NA	NA	NA
ALAGSQEIEF		NA	NA	NA	NA	NA	NA	NA	NA	NA	NA	NA	NA	NA	NA
HTKIDDKCPSQGEAH		DRB1_03_01	38.2	TKIDDKCPS	2	1	74.9	4	1	38.2	2	1	89.3	5	1
KDKPSLDIELEK		DRB1_03_01	48.1	PSLDIELEK	4	1	96.2	2	1	48.1	4	1	81.8	2	1
HENGNEDIEHGTIAK		DRB1_01_01	40.1	EDIEHGTIA	6	1	40.1	6	1	60.1	4	1	79.4	6	1
ALTGAMEIQT		NA	NA	NA	NA	NA	NA	NA	NA	NA	NA	NA	NA	NA	NA
KKLEGFEVDQEKIKY		DRB1_03_01	7.91	FEVDQEKIK	6	1	86.3	6	1	7.91	6	1	44	5	1
ALDLPLPWQS		NA	NA	NA	NA	NA	NA	NA	NA	NA	NA	NA	NA	NA	NA
FEVDQEKIKY		NA	NA	NA	NA	NA	NA	NA	NA	NA	NA	NA	NA	NA	NA
LAGSQEIEFIDY		DRB1_07_01	72.9	LAGSQEIEF	1	1	87.1	1	1	73	1	1	72.9	1	1
LRNPGFTVIA		NA	NA	NA	NA	NA	NA	NA	NA	NA	NA	NA	NA	NA	NA
WVLRNPGYAL		NA	NA	NA	NA	NA	NA	NA	NA	NA	NA	NA	NA	NA	NA
ALHTALTGAM		NA	NA	NA	NA	NA	NA	NA	NA	NA	NA	NA	NA	NA	NA
ATLEHDKCVTTM		DRB1_03_01	67.9	LEHDKCVTT	3	1	86.5	3	1	67.9	3	1	86.9	3	1
HLIGSSITQK		NA	NA	NA	NA	NA	NA	NA	NA	NA	NA	NA	NA	NA	NA
FIEGLHGATW		NA	NA	NA	NA	NA	NA	NA	NA	NA	NA	NA	NA	NA	NA
EAHLAEENDGDFACK		DRB1_03_01	27	LAEENDGDF	4	1	61.9	4	1	27	4	1	64.2	4	1
NPGYALAAVA		NA	NA	NA	NA	NA	NA	NA	NA	NA	NA	NA	NA	NA	NA
RGHGNGCGLF		NA	NA	NA	NA	NA	NA	NA	NA	NA	NA	NA	NA	NA	NA
KGSIIACAKF		NA	NA	NA	NA	NA	NA	NA	NA	NA	NA	NA	NA	NA	NA
GALHTALTGA		NA	NA	NA	NA	NA	NA	NA	NA	NA	NA	NA	NA	NA	NA
HCIGIGDRDF		NA	NA	NA	NA	NA	NA	NA	NA	NA	NA	NA	NA	NA	NA
LAEENDGDFACKRTF		DRB1_03_01	35.5	NDGDFACKR	5	1	77	2	1	35.5	5	1	93.2	6	1
SDRGHGNGCGLF		DRB1_07_01	91	GHGNGCGLF	4	1	95.7	3	1	92.3	4	1	91	4	1
LSTSNGKEHL		NA	NA	NA	NA	NA	NA	NA	NA	NA	NA	NA	NA	NA	NA
KDTNDNNLYK		NA	NA	NA	NA	NA	NA	NA	NA	NA	NA	NA	NA	NA	NA
TALTGAMEIQTK		DRB1_07_01	68.2	TALTGAMEI	1	1	76.9	3	1	76.8	3	1	68.2	1	1
NEDIEHGTIAKF		DRB1_03_01	63.8	IEHGTIAKF	4	1	74.6	2	1	63.8	4	1	75.1	4	1
WMLGSSTTQRVI		DRB1_07_01	6.52	LGSSTTQRV	3	1	55.5	3	1	55.6	2	1	6.52	3	1
CRLKLDALTLKG		DRB1_03_01	10	LKLDALTLK	3	1	78.1	2	1	10	3	1	91.5	2	1
EAHLAEENDGDFACK		DRB1_03_01	27	LAEENDGDF	4	1	61.9	4	1	27	4	1	64.2	4	1
EENDGDFACK		NA	NA	NA	NA	NA	NA	NA	NA	NA	NA	NA	NA	NA	NA
GNEDIEHGTIAK		DRB1_01_01	73.9	EDIEHGTIA	3	1	73.9	3	1	97	3	1	91.9	3	1
NGKEHLTRVERW		DRB1_07_01	34.4	EHLTRVERW	4	1	90.7	4	1	95.2	3	1	34.4	4	1
RNPGFTVIAL		NA	NA	NA	NA	NA	NA	NA	NA	NA	NA	NA	NA	NA	NA
EDIEHGTIAK		NA	NA	NA	NA	NA	NA	NA	NA	NA	NA	NA	NA	NA	NA
QLQKVETWAL		NA	NA	NA	NA	NA	NA	NA	NA	NA	NA	NA	NA	NA	NA
HLAEENDGDF		NA	NA	NA	NA	NA	NA	NA	NA	NA	NA	NA	NA	NA	NA
LAEENDGDFACK		DRB1_07_01	86.2	LAEENDGDF	1	1	92.5	2	1	86.8	3	1	86.2	1	1
ENDGDFACKR		NA	NA	NA	NA	NA	NA	NA	NA	NA	NA	NA	NA	NA	NA
TVIALFIAHL		NA	NA	NA	NA	NA	NA	NA	NA	NA	NA	NA	NA	NA	NA
HLAEENDGDF		NA	NA	NA	NA	NA	NA	NA	NA	NA	NA	NA	NA	NA	NA
LALGNQEGAL		NA	NA	NA	NA	NA	NA	NA	NA	NA	NA	NA	NA	NA	NA
FSDRGHGNGCGL		DRB1_03_01	89.9	FSDRGHGNG	1	1	90.5	2	1	89.9	1	1	99.2	3	1
ERWVLRNPGYAL		DRB1_01_01	24.4	VLRNPGYAL	4	1	24.4	4	1	56.5	4	1	57.7	4	1
IVLLLLVAPA		NA	NA	NA	NA	NA	NA	NA	NA	NA	NA	NA	NA	NA	NA
STSGETWNEMDH		DRB1_03_01	92.4	GETWNEMDH	4	1	95.6	2	1	92.4	4	1	98.1	3	1
ETWLSTSNGK		NA	NA	NA	NA	NA	NA	NA	NA	NA	NA	NA	NA	NA	NA
GEMVIAEMEK		NA	NA	NA	NA	NA	NA	NA	NA	NA	NA	NA	NA	NA	NA
STSGETWNEM		NA	NA	NA	NA	NA	NA	NA	NA	NA	NA	NA	NA	NA	NA
SSITQKVIIF		NA	NA	NA	NA	NA	NA	NA	NA	NA	NA	NA	NA	NA	NA
FSDRGHGNGC		NA	NA	NA	NA	NA	NA	NA	NA	NA	NA	NA	NA	NA	NA
HLTRVERWVL		NA	NA	NA	NA	NA	NA	NA	NA	NA	NA	NA	NA	NA	NA
WQSGASTSGETW		DRB1_01_01	43	WQSGASTSG	1	1	43	1	1	99.1	3	1	75.2	1	1
PAHAAKIEVL		NA	NA	NA	NA	NA	NA	NA	NA	NA	NA	NA	NA	NA	NA
TAIDNPAELR		NA	NA	NA	NA	NA	NA	NA	NA	NA	NA	NA	NA	NA	NA
EFIDYGAATL		NA	NA	NA	NA	NA	NA	NA	NA	NA	NA	NA	NA	NA	NA
HENGNEDIEH		NA	NA	NA	NA	NA	NA	NA	NA	NA	NA	NA	NA	NA	NA
FKCAKKLEGF		NA	NA	NA	NA	NA	NA	NA	NA	NA	NA	NA	NA	NA	NA
ATWVDATLEH		NA	NA	NA	NA	NA	NA	NA	NA	NA	NA	NA	NA	NA	NA
TNDNNLYKIF		NA	NA	NA	NA	NA	NA	NA	NA	NA	NA	NA	NA	NA	NA
RGHGNGCGLF		NA	NA	NA	NA	NA	NA	NA	NA	NA	NA	NA	NA	NA	NA
ENDGDFACKRTF		DRB1_03_01	80.9	NDGDFACKR	2	1	99.6	3	1	80.9	2	1	99	3	1
LALGNQEGAL		NA	NA	NA	NA	NA	NA	NA	NA	NA	NA	NA	NA	NA	NA
TQRVIIIVLL		NA	NA	NA	NA	NA	NA	NA	NA	NA	NA	NA	NA	NA	NA
TLDCQPQTAL		NA	NA	NA	NA	NA	NA	NA	NA	NA	NA	NA	NA	NA	NA
EENDGDFACK		NA	NA	NA	NA	NA	NA	NA	NA	NA	NA	NA	NA	NA	NA
KQLQKVETWA		NA	NA	NA	NA	NA	NA	NA	NA	NA	NA	NA	NA	NA	NA
LLLLVTPAYS		NA	NA	NA	NA	NA	NA	NA	NA	NA	NA	NA	NA	NA	NA
KTAIDNPAEL		NA	NA	NA	NA	NA	NA	NA	NA	NA	NA	NA	NA	NA	NA
NEDIEHGTIAKF		DRB1_03_01	63.8	IEHGTIAKF	4	1	74.6	2	1	63.8	4	1	75.1	4	1
WKQLQKVETW		NA	NA	NA	NA	NA	NA	NA	NA	NA	NA	NA	NA	NA	NA
ETWNEMDHLV		NA	NA	NA	NA	NA	NA	NA	NA	NA	NA	NA	NA	NA	NA
TLDCQPQTAL		NA	NA	NA	NA	NA	NA	NA	NA	NA	NA	NA	NA	NA	NA
STTQRVIIIV		NA	NA	NA	NA	NA	NA	NA	NA	NA	NA	NA	NA	NA	NA
SGASTSGETW		NA	NA	NA	NA	NA	NA	NA	NA	NA	NA	NA	NA	NA	NA
HENGNEDIEHGTIAK		DRB1_01_01	40.1	EDIEHGTIA	6	1	40.1	6	1	60.1	4	1	79.4	6	1
DGDFACKRTF		NA	NA	NA	NA	NA	NA	NA	NA	NA	NA	NA	NA	NA	NA
TKIDDKCPSQGE		DRB1_03_01	49.7	TKIDDKCPS	1	1	97	3	1	49.7	1	1	87.9	4	1
ALGNQEGALH		NA	NA	NA	NA	NA	NA	NA	NA	NA	NA	NA	NA	NA	NA
WNEMDHLVEF		NA	NA	NA	NA	NA	NA	NA	NA	NA	NA	NA	NA	NA	NA
ETWNEMDHLV		NA	NA	NA	NA	NA	NA	NA	NA	NA	NA	NA	NA	NA	NA
ALFIAHLIGSSITQK		DRB1_01_01	0.775	IAHLIGSSI	4	1	0.775	4	1	61.5	7	1	6.44	4	1
KRTFSDRGHG		NA	NA	NA	NA	NA	NA	NA	NA	NA	NA	NA	NA	NA	NA
QTKDTNDNNLYK		DRB1_03_01	38.2	DTNDNNLYK	4	1	92.9	2	1	38.2	4	1	74.3	2	1
ETWNEMDHLVEF		DRB1_03_01	73.2	NEMDHLVEF	4	1	84.4	3	1	73.2	4	1	92.3	2	1
LAEENDGDFA		NA	NA	NA	NA	NA	NA	NA	NA	NA	NA	NA	NA	NA	NA
RNPGFTVIAL		NA	NA	NA	NA	NA	NA	NA	NA	NA	NA	NA	NA	NA	NA
GLHGATWVDATL		DRB1_07_01	78.1	GATWVDATL	4	1	81.7	2	1	95.7	2	1	78.1	4	1
CAKFKCAKKL		NA	NA	NA	NA	NA	NA	NA	NA	NA	NA	NA	NA	NA	NA
EFEPAHAAKI		NA	NA	NA	NA	NA	NA	NA	NA	NA	NA	NA	NA	NA	NA
KIDDKCPSQGEA		DRB1_01_01	94.4	IDDKCPSQG	2	1	94.4	2	1	96.2	2	1	97.8	3	1
GNEDIEHGTIAK		DRB1_01_01	73.9	EDIEHGTIA	3	1	73.9	3	1	97	3	1	91.9	3	1
EFIDYGAATL		NA	NA	NA	NA	NA	NA	NA	NA	NA	NA	NA	NA	NA	NA
AHLAEENDGDFACKR		DRB1_03_01	48.5	EENDGDFAC	5	1	64.3	4	1	48.5	5	1	71.5	3	1
ALPPHVGLGLET		DRB1_01_01	82.5	PHVGLGLET	4	1	82.5	4	1	95.5	2	1	83.3	2	1
ATLEHDKCVTTM		DRB1_03_01	67.9	LEHDKCVTT	3	1	86.5	3	1	67.9	3	1	86.9	3	1
VIAEMEKESW		NA	NA	NA	NA	NA	NA	NA	NA	NA	NA	NA	NA	NA	NA
ATWVDATLEH		NA	NA	NA	NA	NA	NA	NA	NA	NA	NA	NA	NA	NA	NA
FIDYGAATLDCQ		DRB1_07_01	69.9	FIDYGAATL	1	1	71.3	1	1	79.4	2	1	69.9	1	1
KLCIEAKISH		NA	NA	NA	NA	NA	NA	NA	NA	NA	NA	NA	NA	NA	NA
FSDRGHGNGCGLFGK		DRB1_01_01	68.1	RGHGNGCGL	4	1	68.1	4	1	96.4	5	1	95.3	5	1
HENGNEDIEH		NA	NA	NA	NA	NA	NA	NA	NA	NA	NA	NA	NA	NA	NA
SDRGHGNGCGLF		DRB1_07_01	91	GHGNGCGLF	4	1	95.7	3	1	92.3	4	1	91	4	1
ALDFGEMVIAEM		DRB1_01_01	72.1	FGEMVIAEM	4	1	72.1	4	1	84	4	1	84.7	4	1
ALAGSQEIEF		NA	NA	NA	NA	NA	NA	NA	NA	NA	NA	NA	NA	NA	NA
IAHLIGSSITQK		DRB1_01_01	11.6	IAHLIGSSI	1	1	11.6	1	1	37.8	4	1	51.6	1	1
ALRNPGFTVI		NA	NA	NA	NA	NA	NA	NA	NA	NA	NA	NA	NA	NA	NA
HLTRVERWVL		NA	NA	NA	NA	NA	NA	NA	NA	NA	NA	NA	NA	NA	NA
WQSGASTSGETW		DRB1_01_01	43	WQSGASTSG	1	1	43	1	1	99.1	3	1	75.2	1	1
VEFEPAHAAK		NA	NA	NA	NA	NA	NA	NA	NA	NA	NA	NA	NA	NA	NA
TSNGKEHLTR		NA	NA	NA	NA	NA	NA	NA	NA	NA	NA	NA	NA	NA	NA
QTKDTNDNNL		NA	NA	NA	NA	NA	NA	NA	NA	NA	NA	NA	NA	NA	NA
QTKDTNDNNL		NA	NA	NA	NA	NA	NA	NA	NA	NA	NA	NA	NA	NA	NA
FIDYGAATLD		NA	NA	NA	NA	NA	NA	NA	NA	NA	NA	NA	NA	NA	NA
LEHDKCVTTM		NA	NA	NA	NA	NA	NA	NA	NA	NA	NA	NA	NA	NA	NA
ILLLLVTPAY		NA	NA	NA	NA	NA	NA	NA	NA	NA	NA	NA	NA	NA	NA
RDFIEGLHGATW		DRB1_01_01	32.3	IEGLHGATW	4	1	32.3	4	1	94.5	3	1	75	4	1
IVDKQWALDL		NA	NA	NA	NA	NA	NA	NA	NA	NA	NA	NA	NA	NA	NA
EFIDYGAATL		NA	NA	NA	NA	NA	NA	NA	NA	NA	NA	NA	NA	NA	NA
MAKDKPSLDIEL		DRB1_03_01	23.6	MAKDKPSLD	1	1	85.9	1	1	23.6	1	1	72.8	4	1
VLLLLVAPAY		NA	NA	NA	NA	NA	NA	NA	NA	NA	NA	NA	NA	NA	NA
ALDFGEMVIAEM		DRB1_01_01	72.1	FGEMVIAEM	4	1	72.1	4	1	84	4	1	84.7	4	1
HGNGCGLFGK		NA	NA	NA	NA	NA	NA	NA	NA	NA	NA	NA	NA	NA	NA
MAKDKPSLDI		NA	NA	NA	NA	NA	NA	NA	NA	NA	NA	NA	NA	NA	NA
AHLAEENDGDFACKR		DRB1_03_01	48.5	EENDGDFAC	5	1	64.3	4	1	48.5	5	1	71.5	3	1
FIEGLHGATW		NA	NA	NA	NA	NA	NA	NA	NA	NA	NA	NA	NA	NA	NA
DTNDNNLYKI		NA	NA	NA	NA	NA	NA	NA	NA	NA	NA	NA	NA	NA	NA
HTALTGAMEI		NA	NA	NA	NA	NA	NA	NA	NA	NA	NA	NA	NA	NA	NA
HLAEENDGDF		NA	NA	NA	NA	NA	NA	NA	NA	NA	NA	NA	NA	NA	NA
GKGSIIACAK		NA	NA	NA	NA	NA	NA	NA	NA	NA	NA	NA	NA	NA	NA
IQTKDTNDNNLY		DRB1_07_01	73.6	TKDTNDNNL	3	1	95.4	3	1	77.3	2	1	73.6	3	1
AEENDGDFACKR		DRB1_03_01	72.2	NDGDFACKR	4	1	85.9	1	1	72.2	4	1	96.2	2	1
HLVEFEPAHAAK		DRB1_01_01	7.06	VEFEPAHAA	3	1	7.06	3	1	72.9	3	1	73.6	3	1
ALDFGEMVIA		NA	NA	NA	NA	NA	NA	NA	NA	NA	NA	NA	NA	NA	NA
RTFSDRGHGNGCGLF		DRB1_01_01	56.2	SDRGHGNGC	4	1	56.2	4	1	77.3	2	1	84.2	4	1
FEVDQEKIKY		NA	NA	NA	NA	NA	NA	NA	NA	NA	NA	NA	NA	NA	NA
IIFILLLLVT		NA	NA	NA	NA	NA	NA	NA	NA	NA	NA	NA	NA	NA	NA
VIAEMEKESWIV		DRB1_01_01	72.2	VIAEMEKES	1	1	72.2	1	1	75.4	2	1	81	4	1
AKHENGNEDIEHGTI		DRB1_03_01	84.2	GNEDIEHGT	6	1	98.9	1	1	84.2	6	1	96.8	7	1
KKLEGFEVDQEK		DRB1_03_01	77.2	LEGFEVDQE	3	1	96.8	3	1	77.2	3	1	92.2	3	1
GEMVIAEMEK		NA	NA	NA	NA	NA	NA	NA	NA	NA	NA	NA	NA	NA	NA
ETWLSTSNGKEHLTR		DRB1_07_01	12.4	WLSTSNGKE	3	1	31.9	4	1	40.4	5	1	12.4	3	1
RNPGYALAAV		NA	NA	NA	NA	NA	NA	NA	NA	NA	NA	NA	NA	NA	NA
AEENDGDFACKR		DRB1_03_01	72.2	NDGDFACKR	4	1	85.9	1	1	72.2	4	1	96.2	2	1
LGLETRTETW		NA	NA	NA	NA	NA	NA	NA	NA	NA	NA	NA	NA	NA	NA
HENGNEDIEHGTIAK		DRB1_01_01	40.1	EDIEHGTIA	6	1	40.1	6	1	60.1	4	1	79.4	6	1
LALGNQEGAL		NA	NA	NA	NA	NA	NA	NA	NA	NA	NA	NA	NA	NA	NA
TAIDNPAELRKL		DRB1_03_01	57	TAIDNPAEL	1	1	83.6	1	1	57	1	1	86.7	1	1
PAHAAKIEVL		NA	NA	NA	NA	NA	NA	NA	NA	NA	NA	NA	NA	NA	NA
RNPGFTVIAL		NA	NA	NA	NA	NA	NA	NA	NA	NA	NA	NA	NA	NA	NA
AIDNPAELRK		NA	NA	NA	NA	NA	NA	NA	NA	NA	NA	NA	NA	NA	NA
KIKYSIIAQL		NA	NA	NA	NA	NA	NA	NA	NA	NA	NA	NA	NA	NA	NA
TAIDNPAELR		NA	NA	NA	NA	NA	NA	NA	NA	NA	NA	NA	NA	NA	NA
LEHDKCVTTM		NA	NA	NA	NA	NA	NA	NA	NA	NA	NA	NA	NA	NA	NA
TTMAKDKPSL		NA	NA	NA	NA	NA	NA	NA	NA	NA	NA	NA	NA	NA	NA
WQSGASTSGETW		DRB1_01_01	43	WQSGASTSG	1	1	43	1	1	99.1	3	1	75.2	1	1
ETWNEMDHLVEF		DRB1_03_01	73.2	NEMDHLVEF	4	1	84.4	3	1	73.2	4	1	92.3	2	1
HDKCVTTMAK		NA	NA	NA	NA	NA	NA	NA	NA	NA	NA	NA	NA	NA	NA
HLIGSSITQKVI		DRB1_07_01	6.47	IGSSITQKV	3	1	62	3	1	64.1	3	1	6.47	3	1
SQGEAHLAEEND		DRB1_01_01	85.9	EAHLAEEND	4	1	85.9	4	1	87	1	1	96.5	3	1
FSDRGHGNGCGL		DRB1_03_01	89.9	FSDRGHGNG	1	1	90.5	2	1	89.9	1	1	99.2	3	1
AEMEKESWIVDK		DRB1_07_01	91.3	EMEKESWIV	2	1	97.4	3	1	98.3	3	1	91.3	2	1
WKQLQKVETW		NA	NA	NA	NA	NA	NA	NA	NA	NA	NA	NA	NA	NA	NA
GAMEIQTKDTNDNNL		DRB1_07_01	17.5	EIQTKDTND	4	1	74.8	5	1	47.4	6	1	17.5	4	1
TAIDNPAELR		NA	NA	NA	NA	NA	NA	NA	NA	NA	NA	NA	NA	NA	NA
TLEHDKCVTT		NA	NA	NA	NA	NA	NA	NA	NA	NA	NA	NA	NA	NA	NA
RVIIIVLLLL		NA	NA	NA	NA	NA	NA	NA	NA	NA	NA	NA	NA	NA	NA
AWMLGSSTTQRV		DRB1_07_01	2.79	LGSSTTQRV	4	1	27.5	4	1	46.3	3	1	2.79	4	1
RNPGFTVIAL		NA	NA	NA	NA	NA	NA	NA	NA	NA	NA	NA	NA	NA	NA
HAAKIEVLAL		NA	NA	NA	NA	NA	NA	NA	NA	NA	NA	NA	NA	NA	NA
GNEDIEHGTIAK		DRB1_01_01	73.9	EDIEHGTIA	3	1	73.9	3	1	97	3	1	91.9	3	1
AEENDGDFACKR		DRB1_03_01	72.2	NDGDFACKR	4	1	85.9	1	1	72.2	4	1	96.2	2	1
SWIVDKQWAL		NA	NA	NA	NA	NA	NA	NA	NA	NA	NA	NA	NA	NA	NA
NQEGALHTAL		NA	NA	NA	NA	NA	NA	NA	NA	NA	NA	NA	NA	NA	NA
AHLAEENDGDFA		DRB1_03_01	79.9	LAEENDGDF	3	1	94.4	3	1	79.9	3	1	95.3	3	1
LGLETRTETW		NA	NA	NA	NA	NA	NA	NA	NA	NA	NA	NA	NA	NA	NA
TKIDDKCPSQGEAHL		DRB1_01_01	77.3	IDDKCPSQG	3	1	77.3	3	1	90.7	1	1	78.4	4	1
IFAGHLKCRL		NA	NA	NA	NA	NA	NA	NA	NA	NA	NA	NA	NA	NA	NA
TTMAKDKPSL		NA	NA	NA	NA	NA	NA	NA	NA	NA	NA	NA	NA	NA	NA
HGATWVDATL		NA	NA	NA	NA	NA	NA	NA	NA	NA	NA	NA	NA	NA	NA
LKCRLKLDAL		NA	NA	NA	NA	NA	NA	NA	NA	NA	NA	NA	NA	NA	NA
HLIGSSITQK		NA	NA	NA	NA	NA	NA	NA	NA	NA	NA	NA	NA	NA	NA
LKCRLKLDAL		NA	NA	NA	NA	NA	NA	NA	NA	NA	NA	NA	NA	NA	NA
ITQKVIIFIL		NA	NA	NA	NA	NA	NA	NA	NA	NA	NA	NA	NA	NA	NA
FIAHLIGSSI		NA	NA	NA	NA	NA	NA	NA	NA	NA	NA	NA	NA	NA	NA
HGATWVDATL		NA	NA	NA	NA	NA	NA	NA	NA	NA	NA	NA	NA	NA	NA
PGYALAAVALAW		DRB1_01_01	17	YALAAVALA	3	1	17	3	1	80.8	3	1	54.1	3	1
HLAEENDGDF		NA	NA	NA	NA	NA	NA	NA	NA	NA	NA	NA	NA	NA	NA
SGASTSGETWNE		DRB1_07_01	86.9	GASTSGETW	2	1	88.2	1	1	98.5	3	1	86.9	2	1
ALAGSQEIEF		NA	NA	NA	NA	NA	NA	NA	NA	NA	NA	NA	NA	NA	NA
FIAHLIGSSI		NA	NA	NA	NA	NA	NA	NA	NA	NA	NA	NA	NA	NA	NA
ATLDCQPQTA		NA	NA	NA	NA	NA	NA	NA	NA	NA	NA	NA	NA	NA	NA
ALRNPGFTVI		NA	NA	NA	NA	NA	NA	NA	NA	NA	NA	NA	NA	NA	NA
PLPWQSGASTSGETW		DRB1_01_01	5.19	WQSGASTSG	4	1	5.19	4	1	79.7	4	1	23	4	1
LPPHVGLGLE		NA	NA	NA	NA	NA	NA	NA	NA	NA	NA	NA	NA	NA	NA
DRGHGNGCGL		NA	NA	NA	NA	NA	NA	NA	NA	NA	NA	NA	NA	NA	NA
TAIDNPAELRKL		DRB1_03_01	57	TAIDNPAEL	1	1	83.6	1	1	57	1	1	86.7	1	1
GAWKQLQKVETW		DRB1_01_01	69.6	WKQLQKVET	3	1	69.6	3	1	86.4	3	1	95	3	1
AKFDALAGSQEI		DRB1_01_01	16.6	FDALAGSQE	3	1	16.6	3	1	76.4	1	1	56.8	4	1
ALDLPLPWQS		NA	NA	NA	NA	NA	NA	NA	NA	NA	NA	NA	NA	NA	NA
HAAKIEVLAL		NA	NA	NA	NA	NA	NA	NA	NA	NA	NA	NA	NA	NA	NA
CPSQGEAHLA		NA	NA	NA	NA	NA	NA	NA	NA	NA	NA	NA	NA	NA	NA
EPAHAAKIEV		NA	NA	NA	NA	NA	NA	NA	NA	NA	NA	NA	NA	NA	NA
RNPGFTVIAL		NA	NA	NA	NA	NA	NA	NA	NA	NA	NA	NA	NA	NA	NA
GHGNGCGLFGKG		DRB1_07_01	90.4	GHGNGCGLF	1	1	96.7	2	1	99.8	3	1	90.4	1	1
AEMEKESWIV		NA	NA	NA	NA	NA	NA	NA	NA	NA	NA	NA	NA	NA	NA
EDIEHGTIAK		NA	NA	NA	NA	NA	NA	NA	NA	NA	NA	NA	NA	NA	NA
TQRVIIIVLL		NA	NA	NA	NA	NA	NA	NA	NA	NA	NA	NA	NA	NA	NA
GFEVDQEKIK		NA	NA	NA	NA	NA	NA	NA	NA	NA	NA	NA	NA	NA	NA
DFGEMVIAEM		NA	NA	NA	NA	NA	NA	NA	NA	NA	NA	NA	NA	NA	NA
MEKESWIVDK		NA	NA	NA	NA	NA	NA	NA	NA	NA	NA	NA	NA	NA	NA
KVIIFILLLL		NA	NA	NA	NA	NA	NA	NA	NA	NA	NA	NA	NA	NA	NA
KPSLDIELEK		NA	NA	NA	NA	NA	NA	NA	NA	NA	NA	NA	NA	NA	NA
TNDNNLYKIF		NA	NA	NA	NA	NA	NA	NA	NA	NA	NA	NA	NA	NA	NA
SGASTSGETW		NA	NA	NA	NA	NA	NA	NA	NA	NA	NA	NA	NA	NA	NA
GKEHLTRVER		NA	NA	NA	NA	NA	NA	NA	NA	NA	NA	NA	NA	NA	NA
EENDGDFACK		NA	NA	NA	NA	NA	NA	NA	NA	NA	NA	NA	NA	NA	NA
GSQEIEFIDY		NA	NA	NA	NA	NA	NA	NA	NA	NA	NA	NA	NA	NA	NA
TWVDATLEHDKC		DRB1_03_01	72.5	TWVDATLEH	1	1	97.9	3	1	72.5	1	1	89.3	3	1
HGNGCGLFGK		NA	NA	NA	NA	NA	NA	NA	NA	NA	NA	NA	NA	NA	NA
SRGAWKQLQKVE		DRB1_03_01	86.8	SRGAWKQLQ	1	1	92.3	4	1	86.8	1	1	89.7	4	1
EENDGDFACK		NA	NA	NA	NA	NA	NA	NA	NA	NA	NA	NA	NA	NA	NA
HLAEENDGDFAC		DRB1_03_01	80.2	LAEENDGDF	2	1	95.1	3	1	80.2	2	1	92.8	2	1
LEGFEVDQEK		NA	NA	NA	NA	NA	NA	NA	NA	NA	NA	NA	NA	NA	NA
CIGIGDRDFI		NA	NA	NA	NA	NA	NA	NA	NA	NA	NA	NA	NA	NA	NA
ETWALRNPGF		NA	NA	NA	NA	NA	NA	NA	NA	NA	NA	NA	NA	NA	NA
ALPPHVGLGL		NA	NA	NA	NA	NA	NA	NA	NA	NA	NA	NA	NA	NA	NA
EAHLAEENDGDFACK		DRB1_03_01	27	LAEENDGDF	4	1	61.9	4	1	27	4	1	64.2	4	1
RNPGFTVIAL		NA	NA	NA	NA	NA	NA	NA	NA	NA	NA	NA	NA	NA	NA
LEGFEVDQEK		NA	NA	NA	NA	NA	NA	NA	NA	NA	NA	NA	NA	NA	NA
PLPWQSGASTSGETW		DRB1_01_01	5.19	WQSGASTSG	4	1	5.19	4	1	79.7	4	1	23	4	1
HENGNEDIEHGTIAK		DRB1_01_01	40.1	EDIEHGTIA	6	1	40.1	6	1	60.1	4	1	79.4	6	1
DTNDNNLYKI		NA	NA	NA	NA	NA	NA	NA	NA	NA	NA	NA	NA	NA	NA
RVERWVLRNPGY		DRB1_01_01	87.4	RWVLRNPGY	4	1	87.4	4	1	99.1	3	1	93.5	3	1
AEMEKESWIVDK		DRB1_07_01	91.3	EMEKESWIV	2	1	97.4	3	1	98.3	3	1	91.3	2	1
SDRGHGNGCGLF		DRB1_07_01	91	GHGNGCGLF	4	1	95.7	3	1	92.3	4	1	91	4	1
LAAVALAWML		NA	NA	NA	NA	NA	NA	NA	NA	NA	NA	NA	NA	NA	NA
LEHDKCVTTM		NA	NA	NA	NA	NA	NA	NA	NA	NA	NA	NA	NA	NA	NA
TAIDNPAELRKL		DRB1_03_01	57	TAIDNPAEL	1	1	83.6	1	1	57	1	1	86.7	1	1
YALAAVALAW		NA	NA	NA	NA	NA	NA	NA	NA	NA	NA	NA	NA	NA	NA
QTKDTNDNNL		NA	NA	NA	NA	NA	NA	NA	NA	NA	NA	NA	NA	NA	NA
DFGEMVIAEM		NA	NA	NA	NA	NA	NA	NA	NA	NA	NA	NA	NA	NA	NA
KIDDKCPSQG		NA	NA	NA	NA	NA	NA	NA	NA	NA	NA	NA	NA	NA	NA
AMEIQTKDTNDNNLY		DRB1_03_01	25.8	QTKDTNDNN	5	1	61.8	4	1	25.8	5	1	38.8	6	1
SSITQKVIIF		NA	NA	NA	NA	NA	NA	NA	NA	NA	NA	NA	NA	NA	NA
IIACAKFKCAKK		DRB1_03_01	44.1	IIACAKFKC	1	1	85.7	2	1	44.1	1	1	92	2	1
SLDIELEKTA		NA	NA	NA	NA	NA	NA	NA	NA	NA	NA	NA	NA	NA	NA
EDIEHGTIAK		NA	NA	NA	NA	NA	NA	NA	NA	NA	NA	NA	NA	NA	NA
KGSIIACAKF		NA	NA	NA	NA	NA	NA	NA	NA	NA	NA	NA	NA	NA	NA
DRGHGNGCGLFG		DRB1_01_01	93.2	RGHGNGCGL	2	1	93.2	2	1	99.8	3	1	99.3	3	1
KIKYSIIAQL		NA	NA	NA	NA	NA	NA	NA	NA	NA	NA	NA	NA	NA	NA
AIDNPAELRK		NA	NA	NA	NA	NA	NA	NA	NA	NA	NA	NA	NA	NA	NA
ALPPHVGLGL		NA	NA	NA	NA	NA	NA	NA	NA	NA	NA	NA	NA	NA	NA
NPAELRKLCI		NA	NA	NA	NA	NA	NA	NA	NA	NA	NA	NA	NA	NA	NA
ITQKVIIFIL		NA	NA	NA	NA	NA	NA	NA	NA	NA	NA	NA	NA	NA	NA
ILLLLVTPAY		NA	NA	NA	NA	NA	NA	NA	NA	NA	NA	NA	NA	NA	NA
IGDRDFIEGL		NA	NA	NA	NA	NA	NA	NA	NA	NA	NA	NA	NA	NA	NA
LPPHVGLGLETR		DRB1_07_01	78.9	LPPHVGLGL	1	1	94.8	3	1	89.9	4	1	78.9	1	1
KPSLDIELEK		NA	NA	NA	NA	NA	NA	NA	NA	NA	NA	NA	NA	NA	NA
HTGAKHENGNEDIEH		DRB1_01_01	36.4	AKHENGNED	4	1	36.4	4	1	70.8	4	1	64.6	4	1
AKHENGNEDIEHGTI		DRB1_03_01	84.2	GNEDIEHGT	6	1	98.9	1	1	84.2	6	1	96.8	7	1
TNDNNLYKIF		NA	NA	NA	NA	NA	NA	NA	NA	NA	NA	NA	NA	NA	NA
ENDGDFACKR		NA	NA	NA	NA	NA	NA	NA	NA	NA	NA	NA	NA	NA	NA
KCVTTMAKDK		NA	NA	NA	NA	NA	NA	NA	NA	NA	NA	NA	NA	NA	NA
LTRVERWVLR		NA	NA	NA	NA	NA	NA	NA	NA	NA	NA	NA	NA	NA	NA
LAEENDGDFACK		DRB1_07_01	86.2	LAEENDGDF	1	1	92.5	2	1	86.8	3	1	86.2	1	1
TAIDNPAELRKL		DRB1_03_01	57	TAIDNPAEL	1	1	83.6	1	1	57	1	1	86.7	1	1
QTKDTNDNNLYK		DRB1_03_01	38.2	DTNDNNLYK	4	1	92.9	2	1	38.2	4	1	74.3	2	1
ALAGSQEIEF		NA	NA	NA	NA	NA	NA	NA	NA	NA	NA	NA	NA	NA	NA
AKHENGNEDI		NA	NA	NA	NA	NA	NA	NA	NA	NA	NA	NA	NA	NA	NA
VIAEMEKESW		NA	NA	NA	NA	NA	NA	NA	NA	NA	NA	NA	NA	NA	NA
STSNGKEHLT		NA	NA	NA	NA	NA	NA	NA	NA	NA	NA	NA	NA	NA	NA
TAIDNPAELR		NA	NA	NA	NA	NA	NA	NA	NA	NA	NA	NA	NA	NA	NA
NQEGALHTAL		NA	NA	NA	NA	NA	NA	NA	NA	NA	NA	NA	NA	NA	NA
HCIGIGDRDF		NA	NA	NA	NA	NA	NA	NA	NA	NA	NA	NA	NA	NA	NA
KVIIFILLLL		NA	NA	NA	NA	NA	NA	NA	NA	NA	NA	NA	NA	NA	NA
FSDRGHGNGCGL		DRB1_03_01	89.9	FSDRGHGNG	1	1	90.5	2	1	89.9	1	1	99.2	3	1
EAHLAEENDGDF		DRB1_03_01	71.7	LAEENDGDF	4	1	82	4	1	71.7	4	1	83.1	4	1
AKFDALAGSQ		NA	NA	NA	NA	NA	NA	NA	NA	NA	NA	NA	NA	NA	NA
TWALRNPGFTVI		DRB1_07_01	75.3	LRNPGFTVI	4	1	87.5	3	1	96	3	1	75.3	4	1
KQLQKVETWALR		DRB1_07_01	10.3	LQKVETWAL	3	1	68.9	3	1	94	3	1	10.3	3	1
AGHLKCRLKL		NA	NA	NA	NA	NA	NA	NA	NA	NA	NA	NA	NA	NA	NA
STSNGKEHLT		NA	NA	NA	NA	NA	NA	NA	NA	NA	NA	NA	NA	NA	NA
WQSGASTSGETW		DRB1_01_01	43	WQSGASTSG	1	1	43	1	1	99.1	3	1	75.2	1	1
HLAEENDGDFAC		DRB1_03_01	80.2	LAEENDGDF	2	1	95.1	3	1	80.2	2	1	92.8	2	1
LALGNQEGAL		NA	NA	NA	NA	NA	NA	NA	NA	NA	NA	NA	NA	NA	NA
TRTETWMSSRGA		DRB1_01_01	65.5	ETWMSSRGA	4	1	65.5	4	1	99.5	3	1	92.4	3	1
RVIIIVLLLL		NA	NA	NA	NA	NA	NA	NA	NA	NA	NA	NA	NA	NA	NA
TAIDNPAELR		NA	NA	NA	NA	NA	NA	NA	NA	NA	NA	NA	NA	NA	NA
CRLKLDALTL		NA	NA	NA	NA	NA	NA	NA	NA	NA	NA	NA	NA	NA	NA
FSDRGHGNGC		NA	NA	NA	NA	NA	NA	NA	NA	NA	NA	NA	NA	NA	NA
VGLGLETRTETW		DRB1_03_01	64.2	LGLETRTET	3	1	92.5	3	1	64.2	3	1	77.3	4	1
TTMAKDKPSL		NA	NA	NA	NA	NA	NA	NA	NA	NA	NA	NA	NA	NA	NA
IDNPAELRKL		NA	NA	NA	NA	NA	NA	NA	NA	NA	NA	NA	NA	NA	NA
GIGDRDFIEGLH		DRB1_03_01	88	GDRDFIEGL	3	1	96.5	2	1	88	3	1	99.4	3	1
EVLALGNQEGAL		DRB1_01_01	31.6	VLALGNQEG	2	1	31.6	2	1	81.5	3	1	80.9	1	1
KIDDKCPSQGEA		DRB1_01_01	94.4	IDDKCPSQG	2	1	94.4	2	1	96.2	2	1	97.8	3	1
AHLIGSSITQKV		DRB1_07_01	2.76	IGSSITQKV	4	1	30.7	4	1	32	4	1	2.76	4	1
GNEDIEHGTIAK		DRB1_01_01	73.9	EDIEHGTIA	3	1	73.9	3	1	97	3	1	91.9	3	1
ETWLSTSNGK		NA	NA	NA	NA	NA	NA	NA	NA	NA	NA	NA	NA	NA	NA
FEVDQEKIKYSI		DRB1_03_01	18.7	FEVDQEKIK	1	1	92.1	3	1	18.7	1	1	97.7	3	1
FSDRGHGNGCGLFGK		DRB1_01_01	68.1	RGHGNGCGL	4	1	68.1	4	1	96.4	5	1	95.3	5	1
LFGKGSIIAC		NA	NA	NA	NA	NA	NA	NA	NA	NA	NA	NA	NA	NA	NA
IGDRDFIEGL		NA	NA	NA	NA	NA	NA	NA	NA	NA	NA	NA	NA	NA	NA
DRDFIEGLHG		NA	NA	NA	NA	NA	NA	NA	NA	NA	NA	NA	NA	NA	NA
KTAIDNPAEL		NA	NA	NA	NA	NA	NA	NA	NA	NA	NA	NA	NA	NA	NA
KYSIIAQLHT		NA	NA	NA	NA	NA	NA	NA	NA	NA	NA	NA	NA	NA	NA
AIDNPAELRK		NA	NA	NA	NA	NA	NA	NA	NA	NA	NA	NA	NA	NA	NA
RVIIIVLLLL		NA	NA	NA	NA	NA	NA	NA	NA	NA	NA	NA	NA	NA	NA
HAAKIEVLAL		NA	NA	NA	NA	NA	NA	NA	NA	NA	NA	NA	NA	NA	NA
PGYALAAVAL		NA	NA	NA	NA	NA	NA	NA	NA	NA	NA	NA	NA	NA	NA
LRNPGYALAAVA		DRB1_01_01	73.6	PGYALAAVA	4	1	73.6	4	1	86.5	4	1	78.4	4	1
SSITQKVIIF		NA	NA	NA	NA	NA	NA	NA	NA	NA	NA	NA	NA	NA	NA
GTIAKFDALA		NA	NA	NA	NA	NA	NA	NA	NA	NA	NA	NA	NA	NA	NA
EFIDYGAATL		NA	NA	NA	NA	NA	NA	NA	NA	NA	NA	NA	NA	NA	NA
RTFSDRGHGN		NA	NA	NA	NA	NA	NA	NA	NA	NA	NA	NA	NA	NA	NA
TKIDDKCPSQGEAHL		DRB1_01_01	77.3	IDDKCPSQG	3	1	77.3	3	1	90.7	1	1	78.4	4	1
LAGSQEIEFI		NA	NA	NA	NA	NA	NA	NA	NA	NA	NA	NA	NA	NA	NA
VLLLLVAPAY		NA	NA	NA	NA	NA	NA	NA	NA	NA	NA	NA	NA	NA	NA
EGFEVDQEKIKY		DRB1_03_01	15.1	FEVDQEKIK	3	1	95.2	3	1	15.1	3	1	84	2	1
KIDDKCPSQG		NA	NA	NA	NA	NA	NA	NA	NA	NA	NA	NA	NA	NA	NA
EENDGDFACK		NA	NA	NA	NA	NA	NA	NA	NA	NA	NA	NA	NA	NA	NA
DGDFACKRTF		NA	NA	NA	NA	NA	NA	NA	NA	NA	NA	NA	NA	NA	NA
ALPPHVGLGL		NA	NA	NA	NA	NA	NA	NA	NA	NA	NA	NA	NA	NA	NA
EGFEVDQEKIKY		DRB1_03_01	15.1	FEVDQEKIK	3	1	95.2	3	1	15.1	3	1	84	2	1
PPHVGLGLET		NA	NA	NA	NA	NA	NA	NA	NA	NA	NA	NA	NA	NA	NA
AKHENGNEDI		NA	NA	NA	NA	NA	NA	NA	NA	NA	NA	NA	NA	NA	NA
KHENGNEDIEHG		DRB1_07_01	88.3	KHENGNEDI	1	1	88.7	1	1	88.5	4	1	88.3	1	1
LPLPWQSGASTS		DRB1_07_01	75.6	PWQSGASTS	4	1	88.7	3	1	85.3	4	1	75.6	4	1
KDKPSLDIELEK		DRB1_03_01	48.1	PSLDIELEK	4	1	96.2	2	1	48.1	4	1	81.8	2	1
ALRNPGFTVIAL		DRB1_01_01	80.8	ALRNPGFTV	1	1	80.8	1	1	87	1	1	85.4	2	1
TALDFGEMVI		NA	NA	NA	NA	NA	NA	NA	NA	NA	NA	NA	NA	NA	NA
TFSDRGHGNGCG		DRB1_03_01	86.6	TFSDRGHGN	1	1	92.9	3	1	86.6	1	1	88.3	1	1
GIGDRDFIEG		NA	NA	NA	NA	NA	NA	NA	NA	NA	NA	NA	NA	NA	NA
AEMEKESWIV		NA	NA	NA	NA	NA	NA	NA	NA	NA	NA	NA	NA	NA	NA
TQKVIIFILL		NA	NA	NA	NA	NA	NA	NA	NA	NA	NA	NA	NA	NA	NA
DTNDNNLYKI		NA	NA	NA	NA	NA	NA	NA	NA	NA	NA	NA	NA	NA	NA
AKIEVLALGNQE		DRB1_07_01	75.8	EVLALGNQE	4	1	78.4	4	1	92.1	3	1	75.8	4	1
LAEENDGDFACK		DRB1_07_01	86.2	LAEENDGDF	1	1	92.5	2	1	86.8	3	1	86.2	1	1
WLSTSNGKEHLT		DRB1_07_01	41	WLSTSNGKE	1	1	81.8	2	1	83.3	3	1	41	1	1
TALDFGEMVI		NA	NA	NA	NA	NA	NA	NA	NA	NA	NA	NA	NA	NA	NA
MEKESWIVDKQW		DRB1_07_01	82.5	ESWIVDKQW	4	1	88.5	1	1	95.7	2	1	82.5	4	1
LAEENDGDFACK		DRB1_07_01	86.2	LAEENDGDF	1	1	92.5	2	1	86.8	3	1	86.2	1	1
HENGNEDIEHGT		DRB1_03_01	81.7	GNEDIEHGT	4	1	91	4	1	81.7	4	1	91.3	4	1
TWMSSRGAWK		NA	NA	NA	NA	NA	NA	NA	NA	NA	NA	NA	NA	NA	NA
ETWNEMDHLV		NA	NA	NA	NA	NA	NA	NA	NA	NA	NA	NA	NA	NA	NA
HGATWVDATL		NA	NA	NA	NA	NA	NA	NA	NA	NA	NA	NA	NA	NA	NA
VDQEKIKYSI		NA	NA	NA	NA	NA	NA	NA	NA	NA	NA	NA	NA	NA	NA
HLAEENDGDF		NA	NA	NA	NA	NA	NA	NA	NA	NA	NA	NA	NA	NA	NA
ETWNEMDHLVEF		DRB1_03_01	73.2	NEMDHLVEF	4	1	84.4	3	1	73.2	4	1	92.3	2	1
IIACAKFKCA		NA	NA	NA	NA	NA	NA	NA	NA	NA	NA	NA	NA	NA	NA
ETWMSSRGAW		NA	NA	NA	NA	NA	NA	NA	NA	NA	NA	NA	NA	NA	NA
IDNPAELRKL		NA	NA	NA	NA	NA	NA	NA	NA	NA	NA	NA	NA	NA	NA
TGAKHENGNEDIEHG		DRB1_01_01	51.7	AKHENGNED	3	1	51.7	3	1	75.5	3	1	75	4	1
IEAKISHTKI		NA	NA	NA	NA	NA	NA	NA	NA	NA	NA	NA	NA	NA	NA
NPGFTVIALF		NA	NA	NA	NA	NA	NA	NA	NA	NA	NA	NA	NA	NA	NA
FEVDQEKIKY		NA	NA	NA	NA	NA	NA	NA	NA	NA	NA	NA	NA	NA	NA
RLKLDALTLK		NA	NA	NA	NA	NA	NA	NA	NA	NA	NA	NA	NA	NA	NA
ALAGSQEIEF		NA	NA	NA	NA	NA	NA	NA	NA	NA	NA	NA	NA	NA	NA
HGNGCGLFGK		NA	NA	NA	NA	NA	NA	NA	NA	NA	NA	NA	NA	NA	NA
AHLIGSSITQKV		DRB1_07_01	2.76	IGSSITQKV	4	1	30.7	4	1	32	4	1	2.76	4	1
SQGEAHLAEE		NA	NA	NA	NA	NA	NA	NA	NA	NA	NA	NA	NA	NA	NA
LYKIFAGHLK		NA	NA	NA	NA	NA	NA	NA	NA	NA	NA	NA	NA	NA	NA
NEDIEHGTIA		NA	NA	NA	NA	NA	NA	NA	NA	NA	NA	NA	NA	NA	NA
FSDRGHGNGC		NA	NA	NA	NA	NA	NA	NA	NA	NA	NA	NA	NA	NA	NA
HENGNEDIEHGTIAK		DRB1_01_01	40.1	EDIEHGTIA	6	1	40.1	6	1	60.1	4	1	79.4	6	1
AHLAEENDGDFACKR		DRB1_03_01	48.5	EENDGDFAC	5	1	64.3	4	1	48.5	5	1	71.5	3	1
AQLHTGAKHENGNED		DRB1_03_01	59.6	LHTGAKHEN	3	1	89.4	7	1	59.6	3	1	89	6	1
ETWNEMDHLV		NA	NA	NA	NA	NA	NA	NA	NA	NA	NA	NA	NA	NA	NA
TGAKHENGNEDI		DRB1_01_01	84.5	AKHENGNED	3	1	84.5	3	1	96.4	3	1	95.3	3	1
KTAIDNPAELRK		DRB1_03_01	61.4	TAIDNPAEL	2	1	89.7	2	1	61.4	2	1	93.3	2	1
KIDDKCPSQGEAHLA		DRB1_01_01	88.3	PSQGEAHLA	7	1	88.3	7	1	95.3	5	1	96.4	7	1
KIKYSIIAQL		NA	NA	NA	NA	NA	NA	NA	NA	NA	NA	NA	NA	NA	NA
SGETWNEMDH		NA	NA	NA	NA	NA	NA	NA	NA	NA	NA	NA	NA	NA	NA
KDTNDNNLYK		NA	NA	NA	NA	NA	NA	NA	NA	NA	NA	NA	NA	NA	NA
GLFGKGSIIACAKFK		DRB1_01_01	65.7	FGKGSIIAC	3	1	65.7	3	1	74	2	1	85.5	6	1
HLAEENDGDF		NA	NA	NA	NA	NA	NA	NA	NA	NA	NA	NA	NA	NA	NA
PGYALAAVAL		NA	NA	NA	NA	NA	NA	NA	NA	NA	NA	NA	NA	NA	NA
RGHGNGCGLFGKGSI		DRB1_07_01	78.7	GHGNGCGLF	2	1	88.2	6	1	96.7	7	1	78.7	2	1
HGATWVDATL		NA	NA	NA	NA	NA	NA	NA	NA	NA	NA	NA	NA	NA	NA
ETWALRNPGF		NA	NA	NA	NA	NA	NA	NA	NA	NA	NA	NA	NA	NA	NA
HTALTGAMEI		NA	NA	NA	NA	NA	NA	NA	NA	NA	NA	NA	NA	NA	NA
HLIGSSITQK		NA	NA	NA	NA	NA	NA	NA	NA	NA	NA	NA	NA	NA	NA
ENDGDFACKR		NA	NA	NA	NA	NA	NA	NA	NA	NA	NA	NA	NA	NA	NA
GAMEIQTKDTNDNNL		DRB1_07_01	17.5	EIQTKDTND	4	1	74.8	5	1	47.4	6	1	17.5	4	1
ENDGDFACKRTF		DRB1_03_01	80.9	NDGDFACKR	2	1	99.6	3	1	80.9	2	1	99	3	1
MAKDKPSLDI		NA	NA	NA	NA	NA	NA	NA	NA	NA	NA	NA	NA	NA	NA
QTALDFGEMV		NA	NA	NA	NA	NA	NA	NA	NA	NA	NA	NA	NA	NA	NA
HLAEENDGDF		NA	NA	NA	NA	NA	NA	NA	NA	NA	NA	NA	NA	NA	NA
RTFSDRGHGNGCGLF		DRB1_01_01	56.2	SDRGHGNGC	4	1	56.2	4	1	77.3	2	1	84.2	4	1
QTALDFGEMV		NA	NA	NA	NA	NA	NA	NA	NA	NA	NA	NA	NA	NA	NA
QTKDTNDNNLYK		DRB1_03_01	38.2	DTNDNNLYK	4	1	92.9	2	1	38.2	4	1	74.3	2	1
LEGFEVDQEK		NA	NA	NA	NA	NA	NA	NA	NA	NA	NA	NA	NA	NA	NA
EVDQEKIKYS		NA	NA	NA	NA	NA	NA	NA	NA	NA	NA	NA	NA	NA	NA
KGSIIACAKF		NA	NA	NA	NA	NA	NA	NA	NA	NA	NA	NA	NA	NA	NA
GHGNGCGLFGKGSII		DRB1_01_01	82.7	GCGLFGKGS	5	1	82.7	5	1	87.9	6	1	94.4	7	1
LDIELEKTAI		NA	NA	NA	NA	NA	NA	NA	NA	NA	NA	NA	NA	NA	NA
WMLGSSTTQR		NA	NA	NA	NA	NA	NA	NA	NA	NA	NA	NA	NA	NA	NA
LEGFEVDQEK		NA	NA	NA	NA	NA	NA	NA	NA	NA	NA	NA	NA	NA	NA
HLAEENDGDFAC		DRB1_03_01	80.2	LAEENDGDF	2	1	95.1	3	1	80.2	2	1	92.8	2	1
AHLIGSSITQ		NA	NA	NA	NA	NA	NA	NA	NA	NA	NA	NA	NA	NA	NA
MAKDKPSLDIEL		DRB1_03_01	23.6	MAKDKPSLD	1	1	85.9	1	1	23.6	1	1	72.8	4	1
DRGHGNGCGL		NA	NA	NA	NA	NA	NA	NA	NA	NA	NA	NA	NA	NA	NA
HTGAKHENGNEDIEH		DRB1_01_01	36.4	AKHENGNED	4	1	36.4	4	1	70.8	4	1	64.6	4	1
WVDATLEHDKCV		DRB1_01_01	85.7	ATLEHDKCV	4	1	85.7	4	1	92.1	2	1	87.4	2	1
EGFEVDQEKI		NA	NA	NA	NA	NA	NA	NA	NA	NA	NA	NA	NA	NA	NA
DGDFACKRTF		NA	NA	NA	NA	NA	NA	NA	NA	NA	NA	NA	NA	NA	NA
SDRGHGNGCGLF		DRB1_07_01	91	GHGNGCGLF	4	1	95.7	3	1	92.3	4	1	91	4	1
VEFEPAHAAK		NA	NA	NA	NA	NA	NA	NA	NA	NA	NA	NA	NA	NA	NA
RTFSDRGHGNGC		DRB1_01_01	80.1	SDRGHGNGC	4	1	80.1	4	1	84.6	1	1	94.7	2	1
ALHTALTGAMEI		DRB1_07_01	36.7	TALTGAMEI	4	1	84.8	3	1	70.6	2	1	36.7	4	1
MSSRGAWKQLQK		DRB1_01_01	85.9	MSSRGAWKQ	1	1	85.9	1	1	95.8	3	1	86.7	1	1
TAIDNPAELRKL		DRB1_03_01	57	TAIDNPAEL	1	1	83.6	1	1	57	1	1	86.7	1	1
KDTNDNNLYK		NA	NA	NA	NA	NA	NA	NA	NA	NA	NA	NA	NA	NA	NA
KTAIDNPAEL		NA	NA	NA	NA	NA	NA	NA	NA	NA	NA	NA	NA	NA	NA
GNEDIEHGTIAK		DRB1_01_01	73.9	EDIEHGTIA	3	1	73.9	3	1	97	3	1	91.9	3	1
RGHGNGCGLF		NA	NA	NA	NA	NA	NA	NA	NA	NA	NA	NA	NA	NA	NA
TQRVIIIVLL		NA	NA	NA	NA	NA	NA	NA	NA	NA	NA	NA	NA	NA	NA
LDIELEKTAI		NA	NA	NA	NA	NA	NA	NA	NA	NA	NA	NA	NA	NA	NA
ILLLLVTPAY		NA	NA	NA	NA	NA	NA	NA	NA	NA	NA	NA	NA	NA	NA
RGHGNGCGLFGKGSI		DRB1_07_01	78.7	GHGNGCGLF	2	1	88.2	6	1	96.7	7	1	78.7	2	1
GETWNEMDHL		NA	NA	NA	NA	NA	NA	NA	NA	NA	NA	NA	NA	NA	NA
AMEIQTKDTNDNNLY		DRB1_03_01	25.8	QTKDTNDNN	5	1	61.8	4	1	25.8	5	1	38.8	6	1
ETWLSTSNGKEH		DRB1_07_01	33.8	WLSTSNGKE	3	1	79.1	3	1	89.6	3	1	33.8	3	1
GHGNGCGLFG		NA	NA	NA	NA	NA	NA	NA	NA	NA	NA	NA	NA	NA	NA
EFIDYGAATLDC		DRB1_07_01	72.1	FIDYGAATL	2	1	72.8	2	1	78.9	3	1	72.1	2	1
IGDRDFIEGL		NA	NA	NA	NA	NA	NA	NA	NA	NA	NA	NA	NA	NA	NA
TAIDNPAELRKL		DRB1_03_01	57	TAIDNPAEL	1	1	83.6	1	1	57	1	1	86.7	1	1
GHGNGCGLFG		NA	NA	NA	NA	NA	NA	NA	NA	NA	NA	NA	NA	NA	NA
GCGLFGKGSIIACAK		DRB1_07_01	41.4	LFGKGSIIA	4	1	44	4	1	48.2	4	1	41.4	4	1
MEIQTKDTNDNN		DRB1_03_01	65.9	QTKDTNDNN	4	1	94.4	3	1	65.9	4	1	75.2	2	1
HGTIAKFDAL		NA	NA	NA	NA	NA	NA	NA	NA	NA	NA	NA	NA	NA	NA
ALHTALTGAM		NA	NA	NA	NA	NA	NA	NA	NA	NA	NA	NA	NA	NA	NA
CPSQGEAHLAEE		DRB1_01_01	82.6	PSQGEAHLA	2	1	82.6	2	1	96	3	1	92.8	2	1
LPWQSGASTSGE		DRB1_01_01	37.7	WQSGASTSG	3	1	37.7	3	1	98	3	1	77.6	3	1
IDDKCPSQGE		NA	NA	NA	NA	NA	NA	NA	NA	NA	NA	NA	NA	NA	NA
KTAIDNPAELRK		DRB1_03_01	61.4	TAIDNPAEL	2	1	89.7	2	1	61.4	2	1	93.3	2	1
AEENDGDFACKR		DRB1_03_01	72.2	NDGDFACKR	4	1	85.9	1	1	72.2	4	1	96.2	2	1
ALDLPLPWQSGA		DRB1_03_01	91.4	LPLPWQSGA	4	1	94.3	2	1	91.4	4	1	95.8	2	1
HGATWVDATL		NA	NA	NA	NA	NA	NA	NA	NA	NA	NA	NA	NA	NA	NA
DFGEMVIAEMEK		DRB1_01_01	80.2	FGEMVIAEM	2	1	80.2	2	1	93.3	2	1	90.2	3	1
ETWLSTSNGKEH		DRB1_07_01	33.8	WLSTSNGKE	3	1	79.1	3	1	89.6	3	1	33.8	3	1
IDNPAELRKL		NA	NA	NA	NA	NA	NA	NA	NA	NA	NA	NA	NA	NA	NA
ALPPHVGLGL		NA	NA	NA	NA	NA	NA	NA	NA	NA	NA	NA	NA	NA	NA
VLALGNQEGALH		DRB1_01_01	30.5	VLALGNQEG	1	1	30.5	1	1	81.3	2	1	83	1	1
HENGNEDIEHGTIAK		DRB1_01_01	40.1	EDIEHGTIA	6	1	40.1	6	1	60.1	4	1	79.4	6	1
WALRNPGFTV		NA	NA	NA	NA	NA	NA	NA	NA	NA	NA	NA	NA	NA	NA
IGDRDFIEGL		NA	NA	NA	NA	NA	NA	NA	NA	NA	NA	NA	NA	NA	NA
GNGCGLFGKGSI		DRB1_03_01	84.4	CGLFGKGSI	4	1	96.2	3	1	84.4	4	1	92.2	4	1
HLAEENDGDFAC		DRB1_03_01	80.2	LAEENDGDF	2	1	95.1	3	1	80.2	2	1	92.8	2	1
EENDGDFACK		NA	NA	NA	NA	NA	NA	NA	NA	NA	NA	NA	NA	NA	NA
TWNEMDHLVE		NA	NA	NA	NA	NA	NA	NA	NA	NA	NA	NA	NA	NA	NA
ETWNEMDHLVEF		DRB1_03_01	73.2	NEMDHLVEF	4	1	84.4	3	1	73.2	4	1	92.3	2	1
FEVDQEKIKY		NA	NA	NA	NA	NA	NA	NA	NA	NA	NA	NA	NA	NA	NA
FGKGSIIACA		NA	NA	NA	NA	NA	NA	NA	NA	NA	NA	NA	NA	NA	NA
IQTKDTNDNNLY		DRB1_07_01	73.6	TKDTNDNNL	3	1	95.4	3	1	77.3	2	1	73.6	3	1
RKETWLSTSNGK		DRB1_07_01	73.8	TWLSTSNGK	4	1	90.2	3	1	82	4	1	73.8	4	1
AIDNPAELRK		NA	NA	NA	NA	NA	NA	NA	NA	NA	NA	NA	NA	NA	NA
TLDCQPQTALDF		DRB1_01_01	82.5	LDCQPQTAL	2	1	82.5	2	1	88.6	2	1	85.5	4	1
ALRNPGFTVIAL		DRB1_01_01	80.8	ALRNPGFTV	1	1	80.8	1	1	87	1	1	85.4	2	1
HLAEENDGDFAC		DRB1_03_01	80.2	LAEENDGDF	2	1	95.1	3	1	80.2	2	1	92.8	2	1
TTQRVIIIVL		NA	NA	NA	NA	NA	NA	NA	NA	NA	NA	NA	NA	NA	NA
TFSDRGHGNGCG		DRB1_03_01	86.6	TFSDRGHGN	1	1	92.9	3	1	86.6	1	1	88.3	1	1
MLGSSTTQRVII		DRB1_07_01	11.8	LGSSTTQRV	2	1	62.2	2	1	51.5	1	1	11.8	2	1
RTFSDRGHGNGCGLF		DRB1_01_01	56.2	SDRGHGNGC	4	1	56.2	4	1	77.3	2	1	84.2	4	1
HLIGSSITQK		NA	NA	NA	NA	NA	NA	NA	NA	NA	NA	NA	NA	NA	NA
LAEENDGDFACKRTF		DRB1_03_01	35.5	NDGDFACKR	5	1	77	2	1	35.5	5	1	93.2	6	1
FEPAHAAKIEVL		DRB1_07_01	1.48	FEPAHAAKI	1	1	3.44	1	1	73.2	1	1	1.48	1	1
IVDKQWALDL		NA	NA	NA	NA	NA	NA	NA	NA	NA	NA	NA	NA	NA	NA
HGNGCGLFGK		NA	NA	NA	NA	NA	NA	NA	NA	NA	NA	NA	NA	NA	NA
RGAWKQLQKV		NA	NA	NA	NA	NA	NA	NA	NA	NA	NA	NA	NA	NA	NA
ALRNPGFTVI		NA	NA	NA	NA	NA	NA	NA	NA	NA	NA	NA	NA	NA	NA
RDFIEGLHGATW		DRB1_01_01	32.3	IEGLHGATW	4	1	32.3	4	1	94.5	3	1	75	4	1
VIAEMEKESW		NA	NA	NA	NA	NA	NA	NA	NA	NA	NA	NA	NA	NA	NA
GEAHLAEENDGD		DRB1_01_01	94.9	AHLAEENDG	3	1	94.9	3	1	96.3	3	1	96.9	3	1
DTNDNNLYKI		NA	NA	NA	NA	NA	NA	NA	NA	NA	NA	NA	NA	NA	NA
NGKEHLTRVERW		DRB1_07_01	34.4	EHLTRVERW	4	1	90.7	4	1	95.2	3	1	34.4	4	1
SDRGHGNGCGLF		DRB1_07_01	91	GHGNGCGLF	4	1	95.7	3	1	92.3	4	1	91	4	1
TQKVIIFILL		NA	NA	NA	NA	NA	NA	NA	NA	NA	NA	NA	NA	NA	NA
DRDFIEGLHG		NA	NA	NA	NA	NA	NA	NA	NA	NA	NA	NA	NA	NA	NA
WVLRNPGYAL		NA	NA	NA	NA	NA	NA	NA	NA	NA	NA	NA	NA	NA	NA
RGHGNGCGLFGKGSI		DRB1_07_01	78.7	GHGNGCGLF	2	1	88.2	6	1	96.7	7	1	78.7	2	1
AEENDGDFACKR		DRB1_03_01	72.2	NDGDFACKR	4	1	85.9	1	1	72.2	4	1	96.2	2	1
SGASTSGETWNEMDH		DRB1_07_01	72.4	GASTSGETW	2	1	92	5	1	80.8	3	1	72.4	2	1
LFGKGSIIACAK		DRB1_07_01	81.1	LFGKGSIIA	1	1	81.4	1	1	82.7	1	1	81.1	1	1
RGHGNGCGLFGK		DRB1_01_01	86.7	RGHGNGCGL	1	1	86.7	1	1	92.1	4	1	96.6	2	1
ETWMSSRGAWKQLQK		DRB1_01_01	49.7	WMSSRGAWK	3	1	49.7	3	1	72.2	3	1	52.1	3	1
CIEAKISHTK		NA	NA	NA	NA	NA	NA	NA	NA	NA	NA	NA	NA	NA	NA
FIAHLIGSSI		NA	NA	NA	NA	NA	NA	NA	NA	NA	NA	NA	NA	NA	NA
LQKVETWALR		NA	NA	NA	NA	NA	NA	NA	NA	NA	NA	NA	NA	NA	NA
KCPSQGEAHL		NA	NA	NA	NA	NA	NA	NA	NA	NA	NA	NA	NA	NA	NA
WQSGASTSGETWNEM		DRB1_07_01	43.1	GASTSGETW	4	1	86.6	1	1	92.7	5	1	43.1	4	1
RGHGNGCGLFGK		DRB1_01_01	86.7	RGHGNGCGL	1	1	86.7	1	1	92.1	4	1	96.6	2	1
LDIELEKTAI		NA	NA	NA	NA	NA	NA	NA	NA	NA	NA	NA	NA	NA	NA
SHTKIDDKCPSQ		DRB1_03_01	44	TKIDDKCPS	3	1	92.5	4	1	44	3	1	97	2	1
HLAEENDGDF		NA	NA	NA	NA	NA	NA	NA	NA	NA	NA	NA	NA	NA	NA
MEKESWIVDK		NA	NA	NA	NA	NA	NA	NA	NA	NA	NA	NA	NA	NA	NA
TQRVIIIVLL		NA	NA	NA	NA	NA	NA	NA	NA	NA	NA	NA	NA	NA	NA
CRLKLDALTL		NA	NA	NA	NA	NA	NA	NA	NA	NA	NA	NA	NA	NA	NA
HAAKIEVLAL		NA	NA	NA	NA	NA	NA	NA	NA	NA	NA	NA	NA	NA	NA
KTAIDNPAELRK		DRB1_03_01	61.4	TAIDNPAEL	2	1	89.7	2	1	61.4	2	1	93.3	2	1
NPGYALAAVA		NA	NA	NA	NA	NA	NA	NA	NA	NA	NA	NA	NA	NA	NA
TQKVIIFILL		NA	NA	NA	NA	NA	NA	NA	NA	NA	NA	NA	NA	NA	NA
SDRGHGNGCGLF		DRB1_07_01	91	GHGNGCGLF	4	1	95.7	3	1	92.3	4	1	91	4	1
CPSQGEAHLA		NA	NA	NA	NA	NA	NA	NA	NA	NA	NA	NA	NA	NA	NA
QKVIIFILLL		NA	NA	NA	NA	NA	NA	NA	NA	NA	NA	NA	NA	NA	NA
DQEKIKYSII		NA	NA	NA	NA	NA	NA	NA	NA	NA	NA	NA	NA	NA	NA
IGDRDFIEGL		NA	NA	NA	NA	NA	NA	NA	NA	NA	NA	NA	NA	NA	NA
TKDTNDNNLY		NA	NA	NA	NA	NA	NA	NA	NA	NA	NA	NA	NA	NA	NA
HGNGCGLFGK		NA	NA	NA	NA	NA	NA	NA	NA	NA	NA	NA	NA	NA	NA
KCPSQGEAHL		NA	NA	NA	NA	NA	NA	NA	NA	NA	NA	NA	NA	NA	NA
TWVDATLEHD		NA	NA	NA	NA	NA	NA	NA	NA	NA	NA	NA	NA	NA	NA
HTKIDDKCPSQGEAH		DRB1_03_01	38.2	TKIDDKCPS	2	1	74.9	4	1	38.2	2	1	89.3	5	1
NGNEDIEHGTIA		DRB1_01_01	55.1	EDIEHGTIA	4	1	55.1	4	1	91.7	2	1	79	4	1
NQEGALHTAL		NA	NA	NA	NA	NA	NA	NA	NA	NA	NA	NA	NA	NA	NA
GNQEGALHTA		NA	NA	NA	NA	NA	NA	NA	NA	NA	NA	NA	NA	NA	NA
TKDTNDNNLY		NA	NA	NA	NA	NA	NA	NA	NA	NA	NA	NA	NA	NA	NA
DGDFACKRTF		NA	NA	NA	NA	NA	NA	NA	NA	NA	NA	NA	NA	NA	NA
HLKCRLKLDA		NA	NA	NA	NA	NA	NA	NA	NA	NA	NA	NA	NA	NA	NA
KDKPSLDIEL		NA	NA	NA	NA	NA	NA	NA	NA	NA	NA	NA	NA	NA	NA
NQEGALHTAL		NA	NA	NA	NA	NA	NA	NA	NA	NA	NA	NA	NA	NA	NA
IEAKISHTKI		NA	NA	NA	NA	NA	NA	NA	NA	NA	NA	NA	NA	NA	NA
YALAAVALAW		NA	NA	NA	NA	NA	NA	NA	NA	NA	NA	NA	NA	NA	NA
ALRNPGFTVIAL		DRB1_01_01	80.8	ALRNPGFTV	1	1	80.8	1	1	87	1	1	85.4	2	1
GIGDRDFIEGLH		DRB1_03_01	88	GDRDFIEGL	3	1	96.5	2	1	88	3	1	99.4	3	1
TFSDRGHGNGCG		DRB1_03_01	86.6	TFSDRGHGN	1	1	92.9	3	1	86.6	1	1	88.3	1	1
GETWNEMDHL		NA	NA	NA	NA	NA	NA	NA	NA	NA	NA	NA	NA	NA	NA
FKCAKKLEGF		NA	NA	NA	NA	NA	NA	NA	NA	NA	NA	NA	NA	NA	NA
NGCGLFGKGSII		DRB1_01_01	76	GLFGKGSII	4	1	76	4	1	96	3	1	78.8	4	1
ATWVDATLEHDK		DRB1_03_01	74.2	TWVDATLEH	2	1	97	3	1	74.2	2	1	77	4	1
AKDKPSLDIELE		DRB1_07_01	81.9	DKPSLDIEL	3	1	99	3	1	99	3	1	81.9	3	1
GETWNEMDHL		NA	NA	NA	NA	NA	NA	NA	NA	NA	NA	NA	NA	NA	NA
NGCGLFGKGSII		DRB1_01_01	76	GLFGKGSII	4	1	76	4	1	96	3	1	78.8	4	1
TSGETWNEMDHL		DRB1_07_01	89	ETWNEMDHL	4	1	89.3	1	1	92	4	1	89	4	1
DCQPQTALDF		NA	NA	NA	NA	NA	NA	NA	NA	NA	NA	NA	NA	NA	NA
ENDGDFACKRTF		DRB1_03_01	80.9	NDGDFACKR	2	1	99.6	3	1	80.9	2	1	99	3	1
EDIEHGTIAK		NA	NA	NA	NA	NA	NA	NA	NA	NA	NA	NA	NA	NA	NA
HGNGCGLFGKGS		DRB1_01_01	84.6	GCGLFGKGS	4	1	84.6	4	1	97	2	1	92.5	4	1
FSDRGHGNGCGL		DRB1_03_01	89.9	FSDRGHGNG	1	1	90.5	2	1	89.9	1	1	99.2	3	1
VEFEPAHAAK		NA	NA	NA	NA	NA	NA	NA	NA	NA	NA	NA	NA	NA	NA
LALGNQEGAL		NA	NA	NA	NA	NA	NA	NA	NA	NA	NA	NA	NA	NA	NA
GAWKQLQKVETW		DRB1_01_01	69.6	WKQLQKVET	3	1	69.6	3	1	86.4	3	1	95	3	1
VLALGNQEGALH		DRB1_01_01	30.5	VLALGNQEG	1	1	30.5	1	1	81.3	2	1	83	1	1
AIDNPAELRKLC		DRB1_03_01	76.9	IDNPAELRK	2	1	88.3	1	1	76.9	2	1	98.3	3	1
ENDGDFACKRTF		DRB1_03_01	80.9	NDGDFACKR	2	1	99.6	3	1	80.9	2	1	99	3	1
FIEGLHGATW		NA	NA	NA	NA	NA	NA	NA	NA	NA	NA	NA	NA	NA	NA
GHGNGCGLFGKGSII		DRB1_01_01	82.7	GCGLFGKGS	5	1	82.7	5	1	87.9	6	1	94.4	7	1
LTGAMEIQTK		NA	NA	NA	NA	NA	NA	NA	NA	NA	NA	NA	NA	NA	NA
GAKHENGNEDIE		DRB1_01_01	83.5	AKHENGNED	2	1	83.5	2	1	93.9	2	1	92.9	2	1
DIEHGTIAKF		NA	NA	NA	NA	NA	NA	NA	NA	NA	NA	NA	NA	NA	NA
FIEGLHGATW		NA	NA	NA	NA	NA	NA	NA	NA	NA	NA	NA	NA	NA	NA
HCIGIGDRDF		NA	NA	NA	NA	NA	NA	NA	NA	NA	NA	NA	NA	NA	NA
EENDGDFACK		NA	NA	NA	NA	NA	NA	NA	NA	NA	NA	NA	NA	NA	NA
RTFSDRGHGNGC		DRB1_01_01	80.1	SDRGHGNGC	4	1	80.1	4	1	84.6	1	1	94.7	2	1
SQGEAHLAEE		NA	NA	NA	NA	NA	NA	NA	NA	NA	NA	NA	NA	NA	NA
VLLLLVAPAY		NA	NA	NA	NA	NA	NA	NA	NA	NA	NA	NA	NA	NA	NA
KESWIVDKQWAL		DRB1_03_01	26.1	WIVDKQWAL	4	1	72.8	4	1	26.1	4	1	40.3	4	1
AEENDGDFAC		NA	NA	NA	NA	NA	NA	NA	NA	NA	NA	NA	NA	NA	NA
QRVIIIVLLLLV		DRB1_03_01	52	IIIVLLLLV	4	1	91.1	3	1	52	4	1	73	4	1
WALRNPGFTV		NA	NA	NA	NA	NA	NA	NA	NA	NA	NA	NA	NA	NA	NA
GLGLETRTET		NA	NA	NA	NA	NA	NA	NA	NA	NA	NA	NA	NA	NA	NA
SIIACAKFKC		NA	NA	NA	NA	NA	NA	NA	NA	NA	NA	NA	NA	NA	NA
HENGNEDIEH		NA	NA	NA	NA	NA	NA	NA	NA	NA	NA	NA	NA	NA	NA
KVIIFILLLL		NA	NA	NA	NA	NA	NA	NA	NA	NA	NA	NA	NA	NA	NA
LEGFEVDQEKIK		DRB1_03_01	6.99	FEVDQEKIK	4	1	83	4	1	6.99	4	1	84.6	3	1
STSGETWNEM		NA	NA	NA	NA	NA	NA	NA	NA	NA	NA	NA	NA	NA	NA
MEIQTKDTNDNNLYK		DRB1_07_01	19.7	TKDTNDNNL	5	1	79	5	1	20.9	4	1	19.7	5	1
KDKPSLDIEL		NA	NA	NA	NA	NA	NA	NA	NA	NA	NA	NA	NA	NA	NA
HTKIDDKCPSQGEAH		DRB1_03_01	38.2	TKIDDKCPS	2	1	74.9	4	1	38.2	2	1	89.3	5	1
TLDCQPQTAL		NA	NA	NA	NA	NA	NA	NA	NA	NA	NA	NA	NA	NA	NA
KESWIVDKQW		NA	NA	NA	NA	NA	NA	NA	NA	NA	NA	NA	NA	NA	NA
AWMLGSSTTQ		NA	NA	NA	NA	NA	NA	NA	NA	NA	NA	NA	NA	NA	NA
QTKDTNDNNL		NA	NA	NA	NA	NA	NA	NA	NA	NA	NA	NA	NA	NA	NA
EGFEVDQEKI		NA	NA	NA	NA	NA	NA	NA	NA	NA	NA	NA	NA	NA	NA
SDRGHGNGCGLFGKG		DRB1_01_01	73.9	RGHGNGCGL	3	1	73.9	3	1	88.2	4	1	86.1	4	1
AGHLKCRLKL		NA	NA	NA	NA	NA	NA	NA	NA	NA	NA	NA	NA	NA	NA
CGLFGKGSIIAC		DRB1_07_01	87.8	LFGKGSIIA	3	1	88.4	3	1	90.8	3	1	87.8	3	1
ATLEHDKCVTTM		DRB1_03_01	67.9	LEHDKCVTT	3	1	86.5	3	1	67.9	3	1	86.9	3	1
IDNPAELRKL		NA	NA	NA	NA	NA	NA	NA	NA	NA	NA	NA	NA	NA	NA
SGASTSGETW		NA	NA	NA	NA	NA	NA	NA	NA	NA	NA	NA	NA	NA	NA
HENGNEDIEHGTIAK		DRB1_01_01	40.1	EDIEHGTIA	6	1	40.1	6	1	60.1	4	1	79.4	6	1
GNEDIEHGTI		NA	NA	NA	NA	NA	NA	NA	NA	NA	NA	NA	NA	NA	NA
WQSGASTSGETWNEM		DRB1_07_01	43.1	GASTSGETW	4	1	86.6	1	1	92.7	5	1	43.1	4	1
AEENDGDFACKR		DRB1_03_01	72.2	NDGDFACKR	4	1	85.9	1	1	72.2	4	1	96.2	2	1
YSIIAQLHTGAK		DRB1_07_01	51.2	YSIIAQLHT	1	1	71.8	3	1	53	4	1	51.2	1	1
NPAELRKLCIEA		DRB1_07_01	91.7	ELRKLCIEA	4	1	91.8	4	1	99.6	3	1	91.7	4	1
GFEVDQEKIK		NA	NA	NA	NA	NA	NA	NA	NA	NA	NA	NA	NA	NA	NA
VIAEMEKESW		NA	NA	NA	NA	NA	NA	NA	NA	NA	NA	NA	NA	NA	NA
TKDTNDNNLYKI		DRB1_03_01	70.5	DTNDNNLYK	3	1	86.3	1	1	70.5	3	1	72.6	1	1
TALTGAMEIQTK		DRB1_07_01	68.2	TALTGAMEI	1	1	76.9	3	1	76.8	3	1	68.2	1	1
ERWVLRNPGYAL		DRB1_01_01	24.4	VLRNPGYAL	4	1	24.4	4	1	56.5	4	1	57.7	4	1
NLYKIFAGHL		NA	NA	NA	NA	NA	NA	NA	NA	NA	NA	NA	NA	NA	NA
IEAKISHTKI		NA	NA	NA	NA	NA	NA	NA	NA	NA	NA	NA	NA	NA	NA
ALAGSQEIEF		NA	NA	NA	NA	NA	NA	NA	NA	NA	NA	NA	NA	NA	NA
ALGNQEGALH		NA	NA	NA	NA	NA	NA	NA	NA	NA	NA	NA	NA	NA	NA
STSGETWNEM		NA	NA	NA	NA	NA	NA	NA	NA	NA	NA	NA	NA	NA	NA
ALFIAHLIGSSI		DRB1_01_01	3.03	IAHLIGSSI	4	1	3.03	4	1	81.1	2	1	22.7	4	1
KCRLKLDALTLK		DRB1_03_01	4.38	LKLDALTLK	4	1	77.9	3	1	4.38	4	1	93.8	3	1
FEVDQEKIKY		NA	NA	NA	NA	NA	NA	NA	NA	NA	NA	NA	NA	NA	NA
HTALTGAMEI		NA	NA	NA	NA	NA	NA	NA	NA	NA	NA	NA	NA	NA	NA
TTQRVIIIVL		NA	NA	NA	NA	NA	NA	NA	NA	NA	NA	NA	NA	NA	NA
NEDIEHGTIAKF		DRB1_03_01	63.8	IEHGTIAKF	4	1	74.6	2	1	63.8	4	1	75.1	4	1
TLDCQPQTAL		NA	NA	NA	NA	NA	NA	NA	NA	NA	NA	NA	NA	NA	NA
IGDRDFIEGL		NA	NA	NA	NA	NA	NA	NA	NA	NA	NA	NA	NA	NA	NA
IDDKCPSQGE		NA	NA	NA	NA	NA	NA	NA	NA	NA	NA	NA	NA	NA	NA
IGDRDFIEGL		NA	NA	NA	NA	NA	NA	NA	NA	NA	NA	NA	NA	NA	NA
LPWQSGASTS		NA	NA	NA	NA	NA	NA	NA	NA	NA	NA	NA	NA	NA	NA
KHENGNEDIE		NA	NA	NA	NA	NA	NA	NA	NA	NA	NA	NA	NA	NA	NA
ALPPHVGLGL		NA	NA	NA	NA	NA	NA	NA	NA	NA	NA	NA	NA	NA	NA
KLEGFEVDQE		NA	NA	NA	NA	NA	NA	NA	NA	NA	NA	NA	NA	NA	NA
DTNDNNLYKI		NA	NA	NA	NA	NA	NA	NA	NA	NA	NA	NA	NA	NA	NA
HLVEFEPAHAAK		DRB1_01_01	7.06	VEFEPAHAA	3	1	7.06	3	1	72.9	3	1	73.6	3	1
WNEMDHLVEF		NA	NA	NA	NA	NA	NA	NA	NA	NA	NA	NA	NA	NA	NA
FIEGLHGATW		NA	NA	NA	NA	NA	NA	NA	NA	NA	NA	NA	NA	NA	NA
SSRGAWKQLQKVETW		DRB1_01_01	28.3	WKQLQKVET	6	1	28.3	6	1	69	6	1	85.2	6	1
AHLIGSSITQ		NA	NA	NA	NA	NA	NA	NA	NA	NA	NA	NA	NA	NA	NA
DLPLPWQSGA		NA	NA	NA	NA	NA	NA	NA	NA	NA	NA	NA	NA	NA	NA
HCIGIGDRDF		NA	NA	NA	NA	NA	NA	NA	NA	NA	NA	NA	NA	NA	NA
IGIGDRDFIEGL		DRB1_03_01	76.2	GDRDFIEGL	4	1	88.6	1	1	76.2	4	1	88.3	1	1
HLVEFEPAHAAK		DRB1_01_01	7.06	VEFEPAHAA	3	1	7.06	3	1	72.9	3	1	73.6	3	1
RLKLDALTLK		NA	NA	NA	NA	NA	NA	NA	NA	NA	NA	NA	NA	NA	NA
VGLGLETRTETW		DRB1_03_01	64.2	LGLETRTET	3	1	92.5	3	1	64.2	3	1	77.3	4	1
SQGEAHLAEENDGDF		DRB1_01_01	76.8	AHLAEENDG	5	1	76.8	5	1	84.7	7	1	85.1	5	1
MSSRGAWKQL		NA	NA	NA	NA	NA	NA	NA	NA	NA	NA	NA	NA	NA	NA
EPAHAAKIEV		NA	NA	NA	NA	NA	NA	NA	NA	NA	NA	NA	NA	NA	NA
ATLEHDKCVTTM		DRB1_03_01	67.9	LEHDKCVTT	3	1	86.5	3	1	67.9	3	1	86.9	3	1
VLALGNQEGALHTAL		DRB1_01_01	18.1	LGNQEGALH	4	1	18.1	4	1	57	5	1	80.6	5	1
EMDHLVEFEPAH		DRB1_03_01	87.3	HLVEFEPAH	4	1	89	2	1	87.3	4	1	90.5	3	1
EFEPAHAAKI		NA	NA	NA	NA	NA	NA	NA	NA	NA	NA	NA	NA	NA	NA
PAHAAKIEVL		NA	NA	NA	NA	NA	NA	NA	NA	NA	NA	NA	NA	NA	NA
STSNGKEHLTRVERW		DRB1_07_01	56.9	EHLTRVERW	7	1	86.4	4	1	86.3	6	1	56.9	7	1
NPAELRKLCIEA		DRB1_07_01	91.7	ELRKLCIEA	4	1	91.8	4	1	99.6	3	1	91.7	4	1
QEIEFIDYGA		NA	NA	NA	NA	NA	NA	NA	NA	NA	NA	NA	NA	NA	NA
FTVIALFIAH		NA	NA	NA	NA	NA	NA	NA	NA	NA	NA	NA	NA	NA	NA
TMAKDKPSLDIELEK		DRB1_03_01	23.7	MAKDKPSLD	2	1	94.6	5	1	23.7	2	1	38	5	1
MAKDKPSLDI		NA	NA	NA	NA	NA	NA	NA	NA	NA	NA	NA	NA	NA	NA
LAEENDGDFACK		DRB1_07_01	86.2	LAEENDGDF	1	1	92.5	2	1	86.8	3	1	86.2	1	1
ENDGDFACKR		NA	NA	NA	NA	NA	NA	NA	NA	NA	NA	NA	NA	NA	NA
QTKDTNDNNL		NA	NA	NA	NA	NA	NA	NA	NA	NA	NA	NA	NA	NA	NA
TSNGKEHLTR		NA	NA	NA	NA	NA	NA	NA	NA	NA	NA	NA	NA	NA	NA
FGKGSIIACA		NA	NA	NA	NA	NA	NA	NA	NA	NA	NA	NA	NA	NA	NA
FDALAGSQEI		NA	NA	NA	NA	NA	NA	NA	NA	NA	NA	NA	NA	NA	NA
FEVDQEKIKYSI		DRB1_03_01	18.7	FEVDQEKIK	1	1	92.1	3	1	18.7	1	1	97.7	3	1
ETWLSTSNGK		NA	NA	NA	NA	NA	NA	NA	NA	NA	NA	NA	NA	NA	NA
ENGNEDIEHGTI		DRB1_07_01	85.2	NEDIEHGTI	4	1	90.2	4	1	94.2	3	1	85.2	4	1
ATLEHDKCVT		NA	NA	NA	NA	NA	NA	NA	NA	NA	NA	NA	NA	NA	NA
CGLFGKGSII		NA	NA	NA	NA	NA	NA	NA	NA	NA	NA	NA	NA	NA	NA
HCIGIGDRDF		NA	NA	NA	NA	NA	NA	NA	NA	NA	NA	NA	NA	NA	NA
EKTAIDNPAELR		DRB1_03_01	53.7	TAIDNPAEL	3	1	92	3	1	53.7	3	1	77	1	1
NEMDHLVEFE		NA	NA	NA	NA	NA	NA	NA	NA	NA	NA	NA	NA	NA	NA
TKDTNDNNLY		NA	NA	NA	NA	NA	NA	NA	NA	NA	NA	NA	NA	NA	NA
ITQKVIIFIL		NA	NA	NA	NA	NA	NA	NA	NA	NA	NA	NA	NA	NA	NA
HTGAKHENGNED		DRB1_01_01	74.2	AKHENGNED	4	1	74.2	4	1	85.1	4	1	83.2	4	1
AMEIQTKDTNDNNLY		DRB1_03_01	25.8	QTKDTNDNN	5	1	61.8	4	1	25.8	5	1	38.8	6	1
HLVEFEPAHA		NA	NA	NA	NA	NA	NA	NA	NA	NA	NA	NA	NA	NA	NA
DFGEMVIAEM		NA	NA	NA	NA	NA	NA	NA	NA	NA	NA	NA	NA	NA	NA
TTQRVIIIVL		NA	NA	NA	NA	NA	NA	NA	NA	NA	NA	NA	NA	NA	NA
HLAEENDGDFAC		DRB1_03_01	80.2	LAEENDGDF	2	1	95.1	3	1	80.2	2	1	92.8	2	1
VIAEMEKESW		NA	NA	NA	NA	NA	NA	NA	NA	NA	NA	NA	NA	NA	NA
HGTIAKFDAL		NA	NA	NA	NA	NA	NA	NA	NA	NA	NA	NA	NA	NA	NA
HENGNEDIEH		NA	NA	NA	NA	NA	NA	NA	NA	NA	NA	NA	NA	NA	NA
FGKGSIIACA		NA	NA	NA	NA	NA	NA	NA	NA	NA	NA	NA	NA	NA	NA
LFGKGSIIAC		NA	NA	NA	NA	NA	NA	NA	NA	NA	NA	NA	NA	NA	NA
LEKTAIDNPAEL		DRB1_03_01	26.5	TAIDNPAEL	4	1	79.1	4	1	26.5	4	1	80.5	2	1
LDIELEKTAI		NA	NA	NA	NA	NA	NA	NA	NA	NA	NA	NA	NA	NA	NA
WVDATLEHDK		NA	NA	NA	NA	NA	NA	NA	NA	NA	NA	NA	NA	NA	NA
DCQPQTALDF		NA	NA	NA	NA	NA	NA	NA	NA	NA	NA	NA	NA	NA	NA
KQLQKVETWALR		DRB1_07_01	10.3	LQKVETWAL	3	1	68.9	3	1	94	3	1	10.3	3	1
RTFSDRGHGNGC		DRB1_01_01	80.1	SDRGHGNGC	4	1	80.1	4	1	84.6	1	1	94.7	2	1
KQWALDLPLP		NA	NA	NA	NA	NA	NA	NA	NA	NA	NA	NA	NA	NA	NA
EAHLAEENDGDF		DRB1_03_01	71.7	LAEENDGDF	4	1	82	4	1	71.7	4	1	83.1	4	1
LRNPGYALAA		NA	NA	NA	NA	NA	NA	NA	NA	NA	NA	NA	NA	NA	NA
TKIDDKCPSQGEAHL		DRB1_01_01	77.3	IDDKCPSQG	3	1	77.3	3	1	90.7	1	1	78.4	4	1
TALDFGEMVI		NA	NA	NA	NA	NA	NA	NA	NA	NA	NA	NA	NA	NA	NA
QTALDFGEMV		NA	NA	NA	NA	NA	NA	NA	NA	NA	NA	NA	NA	NA	NA
EAHLAEENDGDF		DRB1_03_01	71.7	LAEENDGDF	4	1	82	4	1	71.7	4	1	83.1	4	1
ATWVDATLEH		NA	NA	NA	NA	NA	NA	NA	NA	NA	NA	NA	NA	NA	NA
ALAAVALAWM		NA	NA	NA	NA	NA	NA	NA	NA	NA	NA	NA	NA	NA	NA
DCQPQTALDF		NA	NA	NA	NA	NA	NA	NA	NA	NA	NA	NA	NA	NA	NA
KQLQKVETWA		NA	NA	NA	NA	NA	NA	NA	NA	NA	NA	NA	NA	NA	NA
CQPQTALDFGEM		DRB1_01_01	83.5	QTALDFGEM	4	1	83.5	4	1	98.5	3	1	98.3	3	1
SDRGHGNGCGLF		DRB1_07_01	91	GHGNGCGLF	4	1	95.7	3	1	92.3	4	1	91	4	1
WVDATLEHDK		NA	NA	NA	NA	NA	NA	NA	NA	NA	NA	NA	NA	NA	NA
YALAAVALAW		NA	NA	NA	NA	NA	NA	NA	NA	NA	NA	NA	NA	NA	NA
NNLYKIFAGHLK		DRB1_07_01	19.5	LYKIFAGHL	3	1	32.9	3	1	84.1	3	1	19.5	3	1
LAAVALAWML		NA	NA	NA	NA	NA	NA	NA	NA	NA	NA	NA	NA	NA	NA
EHGTIAKFDA		NA	NA	NA	NA	NA	NA	NA	NA	NA	NA	NA	NA	NA	NA
GASTSGETWNEM		DRB1_07_01	81.6	GASTSGETW	1	1	88.9	4	1	95.9	2	1	81.6	1	1
ETRTETWMSSRGAWK		DRB1_01_01	25.8	ETWMSSRGA	5	1	25.8	5	1	96.5	7	1	53.2	4	1
DRGHGNGCGLFGKGS		DRB1_07_01	81.9	GHGNGCGLF	3	1	96.7	7	1	96.3	5	1	81.9	3	1
KESWIVDKQW		NA	NA	NA	NA	NA	NA	NA	NA	NA	NA	NA	NA	NA	NA
LAWMLGSSTTQR		DRB1_03_01	22.9	MLGSSTTQR	4	1	55.5	1	1	22.9	4	1	71.5	4	1
KIFAGHLKCR		NA	NA	NA	NA	NA	NA	NA	NA	NA	NA	NA	NA	NA	NA
ALHTALTGAM		NA	NA	NA	NA	NA	NA	NA	NA	NA	NA	NA	NA	NA	NA
WQSGASTSGETWNEM		DRB1_07_01	43.1	GASTSGETW	4	1	86.6	1	1	92.7	5	1	43.1	4	1
TKDTNDNNLY		NA	NA	NA	NA	NA	NA	NA	NA	NA	NA	NA	NA	NA	NA
ALAGSQEIEF		NA	NA	NA	NA	NA	NA	NA	NA	NA	NA	NA	NA	NA	NA
EGFEVDQEKI		NA	NA	NA	NA	NA	NA	NA	NA	NA	NA	NA	NA	NA	NA
ETWALRNPGF		NA	NA	NA	NA	NA	NA	NA	NA	NA	NA	NA	NA	NA	NA
FDALAGSQEI		NA	NA	NA	NA	NA	NA	NA	NA	NA	NA	NA	NA	NA	NA
NEMDHLVEFEPA		DRB1_07_01	77.8	DHLVEFEPA	4	1	91.2	3	1	78.3	1	1	77.8	4	1
KCPSQGEAHL		NA	NA	NA	NA	NA	NA	NA	NA	NA	NA	NA	NA	NA	NA
HCIGIGDRDFIE		DRB1_03_01	81.4	IGIGDRDFI	3	1	97.6	3	1	81.4	3	1	97.3	3	1
QWALDLPLPW		NA	NA	NA	NA	NA	NA	NA	NA	NA	NA	NA	NA	NA	NA
TRTETWMSSRGAWKQ		DRB1_01_01	20.8	ETWMSSRGA	4	1	20.8	4	1	86.2	6	1	66.5	6	1
NPGFTVIALF		NA	NA	NA	NA	NA	NA	NA	NA	NA	NA	NA	NA	NA	NA
FDALAGSQEIEF		DRB1_01_01	24.3	FDALAGSQE	1	1	24.3	1	1	53.6	4	1	56.6	4	1
KTAIDNPAEL		NA	NA	NA	NA	NA	NA	NA	NA	NA	NA	NA	NA	NA	NA
PHVGLGLETR		NA	NA	NA	NA	NA	NA	NA	NA	NA	NA	NA	NA	NA	NA
LPLPWQSGAS		NA	NA	NA	NA	NA	NA	NA	NA	NA	NA	NA	NA	NA	NA
KQWALDLPLP		NA	NA	NA	NA	NA	NA	NA	NA	NA	NA	NA	NA	NA	NA
KPSLDIELEK		NA	NA	NA	NA	NA	NA	NA	NA	NA	NA	NA	NA	NA	NA
HLIGSSITQK		NA	NA	NA	NA	NA	NA	NA	NA	NA	NA	NA	NA	NA	NA
GSQEIEFIDY		NA	NA	NA	NA	NA	NA	NA	NA	NA	NA	NA	NA	NA	NA
LRKLCIEAKISH		DRB1_03_01	18.5	LCIEAKISH	4	1	95.3	3	1	18.5	4	1	95.4	2	1
GYALAAVALA		NA	NA	NA	NA	NA	NA	NA	NA	NA	NA	NA	NA	NA	NA
FEVDQEKIKYSI		DRB1_03_01	18.7	FEVDQEKIK	1	1	92.1	3	1	18.7	1	1	97.7	3	1
GSQEIEFIDY		NA	NA	NA	NA	NA	NA	NA	NA	NA	NA	NA	NA	NA	NA
GSQEIEFIDY		NA	NA	NA	NA	NA	NA	NA	NA	NA	NA	NA	NA	NA	NA
TLDCQPQTAL		NA	NA	NA	NA	NA	NA	NA	NA	NA	NA	NA	NA	NA	NA
SGASTSGETWNE		DRB1_07_01	86.9	GASTSGETW	2	1	88.2	1	1	98.5	3	1	86.9	2	1
HLAEENDGDFACKRT		DRB1_03_01	39.5	EENDGDFAC	4	1	71.9	3	1	39.5	4	1	84.7	4	1
ASTSGETWNE		NA	NA	NA	NA	NA	NA	NA	NA	NA	NA	NA	NA	NA	NA
IDNPAELRKL		NA	NA	NA	NA	NA	NA	NA	NA	NA	NA	NA	NA	NA	NA
NGNEDIEHGTIA		DRB1_01_01	55.1	EDIEHGTIA	4	1	55.1	4	1	91.7	2	1	79	4	1
KKLEGFEVDQ		NA	NA	NA	NA	NA	NA	NA	NA	NA	NA	NA	NA	NA	NA
AEENDGDFAC		NA	NA	NA	NA	NA	NA	NA	NA	NA	NA	NA	NA	NA	NA
FACKRTFSDR		NA	NA	NA	NA	NA	NA	NA	NA	NA	NA	NA	NA	NA	NA
HGATWVDATL		NA	NA	NA	NA	NA	NA	NA	NA	NA	NA	NA	NA	NA	NA
VALPPHVGLG		NA	NA	NA	NA	NA	NA	NA	NA	NA	NA	NA	NA	NA	NA
KDKPSLDIEL		NA	NA	NA	NA	NA	NA	NA	NA	NA	NA	NA	NA	NA	NA
AKIEVLALGN		NA	NA	NA	NA	NA	NA	NA	NA	NA	NA	NA	NA	NA	NA
EAHLAEENDGDFACK		DRB1_03_01	27	LAEENDGDF	4	1	61.9	4	1	27	4	1	64.2	4	1
GLETRTETWM		NA	NA	NA	NA	NA	NA	NA	NA	NA	NA	NA	NA	NA	NA
EMVIAEMEKESW		DRB1_01_01	73.4	VIAEMEKES	3	1	73.4	3	1	74.4	3	1	86.5	2	1
KVIIFILLLL		NA	NA	NA	NA	NA	NA	NA	NA	NA	NA	NA	NA	NA	NA
GKGSIIACAKFK		DRB1_03_01	90.8	SIIACAKFK	4	1	98.1	3	1	90.8	4	1	95.1	3	1
GAMEIQTKDTNDNNL		DRB1_07_01	17.5	EIQTKDTND	4	1	74.8	5	1	47.4	6	1	17.5	4	1
RTFSDRGHGNGC		DRB1_01_01	80.1	SDRGHGNGC	4	1	80.1	4	1	84.6	1	1	94.7	2	1
FDALAGSQEI		NA	NA	NA	NA	NA	NA	NA	NA	NA	NA	NA	NA	NA	NA
RDFIEGLHGA		NA	NA	NA	NA	NA	NA	NA	NA	NA	NA	NA	NA	NA	NA
QTKDTNDNNL		NA	NA	NA	NA	NA	NA	NA	NA	NA	NA	NA	NA	NA	NA
KCPSQGEAHL		NA	NA	NA	NA	NA	NA	NA	NA	NA	NA	NA	NA	NA	NA
FSDRGHGNGCGL		DRB1_03_01	89.9	FSDRGHGNG	1	1	90.5	2	1	89.9	1	1	99.2	3	1
RVIIIVLLLL		NA	NA	NA	NA	NA	NA	NA	NA	NA	NA	NA	NA	NA	NA
FSDRGHGNGC		NA	NA	NA	NA	NA	NA	NA	NA	NA	NA	NA	NA	NA	NA
MSSRGAWKQL		NA	NA	NA	NA	NA	NA	NA	NA	NA	NA	NA	NA	NA	NA
KEHLTRVERW		NA	NA	NA	NA	NA	NA	NA	NA	NA	NA	NA	NA	NA	NA
LEGFEVDQEK		NA	NA	NA	NA	NA	NA	NA	NA	NA	NA	NA	NA	NA	NA
FIAHLIGSSI		NA	NA	NA	NA	NA	NA	NA	NA	NA	NA	NA	NA	NA	NA
VLRNPGYALAAV		DRB1_01_01	52.5	VLRNPGYAL	1	1	52.5	1	1	73.4	1	1	73.1	1	1
ALGNQEGALHTA		DRB1_01_01	79.8	GNQEGALHT	3	1	79.8	3	1	90.1	3	1	95.9	3	1
TAIDNPAELRKL		DRB1_03_01	57	TAIDNPAEL	1	1	83.6	1	1	57	1	1	86.7	1	1
KCPSQGEAHL		NA	NA	NA	NA	NA	NA	NA	NA	NA	NA	NA	NA	NA	NA
HENGNEDIEH		NA	NA	NA	NA	NA	NA	NA	NA	NA	NA	NA	NA	NA	NA
IGIGDRDFIEGL		DRB1_03_01	76.2	GDRDFIEGL	4	1	88.6	1	1	76.2	4	1	88.3	1	1
EGFEVDQEKI		NA	NA	NA	NA	NA	NA	NA	NA	NA	NA	NA	NA	NA	NA
SWIVDKQWAL		NA	NA	NA	NA	NA	NA	NA	NA	NA	NA	NA	NA	NA	NA
ATWVDATLEHDK		DRB1_03_01	74.2	TWVDATLEH	2	1	97	3	1	74.2	2	1	77	4	1
AIDNPAELRK		NA	NA	NA	NA	NA	NA	NA	NA	NA	NA	NA	NA	NA	NA
HGNGCGLFGKGS		DRB1_01_01	84.6	GCGLFGKGS	4	1	84.6	4	1	97	2	1	92.5	4	1
LSTSNGKEHL		NA	NA	NA	NA	NA	NA	NA	NA	NA	NA	NA	NA	NA	NA
GEAHLAEENDGDFAC		DRB1_03_01	33.5	LAEENDGDF	5	1	74.9	5	1	33.5	5	1	77.3	5	1
ATLDCQPQTA		NA	NA	NA	NA	NA	NA	NA	NA	NA	NA	NA	NA	NA	NA
TAIDNPAELRKL		DRB1_03_01	57	TAIDNPAEL	1	1	83.6	1	1	57	1	1	86.7	1	1
FIDYGAATLD		NA	NA	NA	NA	NA	NA	NA	NA	NA	NA	NA	NA	NA	NA
RDFIEGLHGATW		DRB1_01_01	32.3	IEGLHGATW	4	1	32.3	4	1	94.5	3	1	75	4	1
TSNGKEHLTR		NA	NA	NA	NA	NA	NA	NA	NA	NA	NA	NA	NA	NA	NA
GLFGKGSIIA		NA	NA	NA	NA	NA	NA	NA	NA	NA	NA	NA	NA	NA	NA
LFGKGSIIAC		NA	NA	NA	NA	NA	NA	NA	NA	NA	NA	NA	NA	NA	NA
SGASTSGETWNE		DRB1_07_01	86.9	GASTSGETW	2	1	88.2	1	1	98.5	3	1	86.9	2	1
LCIEAKISHT		NA	NA	NA	NA	NA	NA	NA	NA	NA	NA	NA	NA	NA	NA
LEGFEVDQEK		NA	NA	NA	NA	NA	NA	NA	NA	NA	NA	NA	NA	NA	NA
AHLAEENDGDFACKR		DRB1_03_01	48.5	EENDGDFAC	5	1	64.3	4	1	48.5	5	1	71.5	3	1
TLDCQPQTALDF		DRB1_01_01	82.5	LDCQPQTAL	2	1	82.5	2	1	88.6	2	1	85.5	4	1
RVIIIVLLLL		NA	NA	NA	NA	NA	NA	NA	NA	NA	NA	NA	NA	NA	NA
HAAKIEVLAL		NA	NA	NA	NA	NA	NA	NA	NA	NA	NA	NA	NA	NA	NA
IGIGDRDFIEGL		DRB1_03_01	76.2	GDRDFIEGL	4	1	88.6	1	1	76.2	4	1	88.3	1	1
VEFEPAHAAKIE		DRB1_07_01	0.339	FEPAHAAKI	3	1	0.827	3	1	73.8	3	1	0.339	3	1
EAHLAEENDGDF		DRB1_03_01	71.7	LAEENDGDF	4	1	82	4	1	71.7	4	1	83.1	4	1
LHTGAKHENGNE		DRB1_03_01	81.9	LHTGAKHEN	1	1	95.2	2	1	81.9	1	1	85.6	4	1
AATLDCQPQTAL		DRB1_01_01	73.5	LDCQPQTAL	4	1	73.5	4	1	80.8	2	1	83.1	4	1
FTVIALFIAH		NA	NA	NA	NA	NA	NA	NA	NA	NA	NA	NA	NA	NA	NA
RKETWLSTSNGK		DRB1_07_01	73.8	TWLSTSNGK	4	1	90.2	3	1	82	4	1	73.8	4	1
IDDKCPSQGEAH		DRB1_01_01	88	IDDKCPSQG	1	1	88	1	1	91	4	1	95.2	2	1
KHENGNEDIEHG		DRB1_07_01	88.3	KHENGNEDI	1	1	88.7	1	1	88.5	4	1	88.3	1	1
FSDRGHGNGC		NA	NA	NA	NA	NA	NA	NA	NA	NA	NA	NA	NA	NA	NA
NEDIEHGTIAKF		DRB1_03_01	63.8	IEHGTIAKF	4	1	74.6	2	1	63.8	4	1	75.1	4	1
EENDGDFACK		NA	NA	NA	NA	NA	NA	NA	NA	NA	NA	NA	NA	NA	NA
KDKPSLDIEL		NA	NA	NA	NA	NA	NA	NA	NA	NA	NA	NA	NA	NA	NA
AKISHTKIDDKC		DRB1_07_01	87.1	ISHTKIDDK	3	1	99.2	3	1	87.4	3	1	87.1	3	1
SSITQKVIIF		NA	NA	NA	NA	NA	NA	NA	NA	NA	NA	NA	NA	NA	NA
WALRNPGFTV		NA	NA	NA	NA	NA	NA	NA	NA	NA	NA	NA	NA	NA	NA
ERWVLRNPGY		NA	NA	NA	NA	NA	NA	NA	NA	NA	NA	NA	NA	NA	NA
ATLEHDKCVTTM		DRB1_03_01	67.9	LEHDKCVTT	3	1	86.5	3	1	67.9	3	1	86.9	3	1
EMVIAEMEKESW		DRB1_01_01	73.4	VIAEMEKES	3	1	73.4	3	1	74.4	3	1	86.5	2	1
HENGNEDIEHGTIAK		DRB1_01_01	40.1	EDIEHGTIA	6	1	40.1	6	1	60.1	4	1	79.4	6	1
HGTIAKFDAL		NA	NA	NA	NA	NA	NA	NA	NA	NA	NA	NA	NA	NA	NA
AMEIQTKDTNDNNLY		DRB1_03_01	25.8	QTKDTNDNN	5	1	61.8	4	1	25.8	5	1	38.8	6	1
FSDRGHGNGCGL		DRB1_03_01	89.9	FSDRGHGNG	1	1	90.5	2	1	89.9	1	1	99.2	3	1
KFDALAGSQE		NA	NA	NA	NA	NA	NA	NA	NA	NA	NA	NA	NA	NA	NA
SWIVDKQWALDL		DRB1_03_01	61	WIVDKQWAL	2	1	67.4	4	1	61	2	1	72.1	2	1
HLVEFEPAHA		NA	NA	NA	NA	NA	NA	NA	NA	NA	NA	NA	NA	NA	NA
SSITQKVIIF		NA	NA	NA	NA	NA	NA	NA	NA	NA	NA	NA	NA	NA	NA
EDIEHGTIAK		NA	NA	NA	NA	NA	NA	NA	NA	NA	NA	NA	NA	NA	NA
LTGAMEIQTK		NA	NA	NA	NA	NA	NA	NA	NA	NA	NA	NA	NA	NA	NA